,serial_no,date,delta_t_ms,on-off,active_power_mw,output_voltage_v,output_current_ma,cg_temperature_cel,output_voltage_on_off,output_current_on_off,active_power_on_off
198787,30,2022-07-16 08:26:40,841,0.0,13.0,0.0,0.0,0.0,0,0,0
198789,30,2022-07-16 08:26:40,843,0.0,13.0,0.0,0.0,-20.0,0,0,0
198791,30,2022-07-16 08:26:40,841,0.0,13.0,0.0,0.0,-50.0,0,0,0
198889,30,2022-07-16 08:26:40,840,0.0,13.0,0.0,0.0,-150.0,0,0,0
198793,30,2022-07-16 08:26:40,841,0.0,13.0,0.0,0.0,-70.0,0,0,0
198795,30,2022-07-16 08:26:40,874,0.0,13.0,0.0,0.0,-70.0,0,0,0
198797,30,2022-07-16 08:26:40,841,0.0,13.0,0.0,0.0,-100.0,0,0,0
198799,30,2022-07-16 08:26:40,842,0.0,13.0,0.0,0.0,-100.0,0,0,0
198801,30,2022-07-16 08:26:40,842,0.0,13.0,0.0,0.0,-130.0,0,0,0
198803,30,2022-07-16 08:26:40,841,0.0,13.0,0.0,0.0,-130.0,0,0,0
198807,30,2022-07-16 08:26:40,842,0.0,13.0,0.0,0.0,-150.0,0,0,0
198895,30,2022-07-16 08:26:40,874,0.0,13.0,0.0,0.0,-150.0,0,0,0
198926,30,2022-07-16 08:26:40,680,1.0,19988.0,1365.0,13990.0,670.0,1,1,1
198929,30,2022-07-16 08:26:40,680,1.0,20013.0,1365.0,13990.0,750.0,1,1,1
198930,30,2022-07-16 08:26:40,13100,1.0,,,,,0,0,0
198932,30,2022-07-16 08:26:40,680,1.0,20028.0,1365.0,13990.0,790.0,1,1,1
198934,30,2022-07-16 08:26:40,680,1.0,2004.0,1365.0,13990.0,830.0,1,1,0
198924,30,2022-07-16 08:26:40,680,1.0,1996.0,1366.0,13990.0,610.0,1,1,0
198938,30,2022-07-16 08:26:40,680,1.0,20062.0,1365.0,13990.0,870.0,1,1,1
198940,30,2022-07-16 08:26:40,681,1.0,20068.0,1364.0,13990.0,870.0,1,1,1
198942,30,2022-07-16 08:26:40,681,1.0,20077.0,1364.0,13990.0,890.0,1,1,1
198944,30,2022-07-16 08:26:40,682,1.0,20083.0,1364.0,13990.0,910.0,1,1,1
198936,30,2022-07-16 08:26:40,682,1.0,20054.0,1365.0,13990.0,850.0,1,1,1
198948,30,2022-07-16 08:26:40,681,1.0,20097.0,1364.0,13990.0,930.0,1,1,1
198897,30,2022-07-16 08:26:40,843,0.0,13.0,0.0,0.0,-150.0,0,0,0
198903,30,2022-07-16 08:26:40,679,1.0,2006.0,1377.0,13990.0,-90.0,1,1,0
198904,30,2022-07-16 08:26:40,13139,1.0,,,,,0,0,0
198922,30,2022-07-16 08:26:40,682,1.0,19936.0,1366.0,13990.0,530.0,1,1,1
198906,30,2022-07-16 08:26:40,680,1.0,19957.0,1373.0,13990.0,-50.0,1,1,1
198908,30,2022-07-16 08:26:40,681,1.0,19919.0,1372.0,13990.0,,1,1,1
198910,30,2022-07-16 08:26:40,689,1.0,19892.0,1370.0,13990.0,50.0,1,1,1
198918,30,2022-07-16 08:26:40,679,1.0,19893.0,1367.0,13990.0,350.0,1,1,1
198920,30,2022-07-16 08:26:40,682,1.0,1991.0,1367.0,13990.0,450.0,1,1,0
198914,30,2022-07-16 08:26:40,680,1.0,19873.0,1369.0,13990.0,190.0,1,1,1
198912,30,2022-07-16 08:26:40,680,1.0,19875.0,1370.0,13990.0,110.0,1,1,1
198916,30,2022-07-16 08:26:40,680,1.0,19879.0,1368.0,13990.0,270.0,1,1,1
199315,30,2022-07-16 11:13:20,908,0.0,13.0,0.0,0.0,880.0,0,0,0
199317,30,2022-07-16 11:13:20,843,0.0,13.0,0.0,0.0,850.0,0,0,0
199319,30,2022-07-16 11:13:20,842,0.0,13.0,0.0,0.0,770.0,0,0,0
199321,30,2022-07-16 11:13:20,842,0.0,13.0,0.0,0.0,700.0,0,0,0
199335,30,2022-07-16 11:13:20,842,0.0,13.0,0.0,0.0,250.0,0,0,0
199325,30,2022-07-16 11:13:20,842,0.0,13.0,0.0,0.0,550.0,0,0,0
199327,30,2022-07-16 11:13:20,842,0.0,13.0,0.0,0.0,490.0,0,0,0
199329,30,2022-07-16 11:13:20,842,0.0,13.0,0.0,0.0,420.0,0,0,0
199331,30,2022-07-16 11:13:20,843,0.0,13.0,0.0,0.0,350.0,0,0,0
199333,30,2022-07-16 11:13:20,843,0.0,13.0,0.0,0.0,300.0,0,0,0
199323,30,2022-07-16 11:13:20,843,0.0,13.0,0.0,0.0,630.0,0,0,0
199313,30,2022-07-16 11:13:20,844,0.0,13.0,0.0,0.0,930.0,0,0,0
199300,30,2022-07-16 11:13:20,681,1.0,20154.0,1366.0,13990.0,980.0,1,1,1
199278,30,2022-07-16 11:13:20,681,1.0,20133.0,1364.0,13990.0,990.0,1,1,1
199282,30,2022-07-16 11:13:20,682,1.0,20136.0,1364.0,13990.0,990.0,1,1,1
199284,30,2022-07-16 11:13:20,682,1.0,20132.0,1364.0,13990.0,990.0,1,1,1
199292,30,2022-07-16 11:13:20,682,1.0,20134.0,1364.0,13990.0,990.0,1,1,1
199294,30,2022-07-16 11:13:20,843,0.0,13.0,0.0,0.0,960.0,0,0,0
199296,30,2022-07-16 11:13:20,680,1.0,20282.0,1371.0,13990.0,980.0,1,1,1
199302,30,2022-07-16 11:13:20,681,1.0,20151.0,1366.0,13990.0,980.0,1,1,1
199304,30,2022-07-16 11:13:20,682,1.0,20149.0,1366.0,13990.0,980.0,1,1,1
199306,30,2022-07-16 11:13:20,843,0.0,13.0,0.0,0.0,940.0,0,0,0
199308,30,2022-07-16 11:13:20,682,1.0,20292.0,1372.0,13990.0,960.0,1,1,1
199310,30,2022-07-16 11:13:20,681,1.0,2018.0,1368.0,13990.0,960.0,1,1,0
199298,30,2022-07-16 11:13:20,681,1.0,20175.0,1367.0,13990.0,970.0,1,1,1
199337,30,2022-07-16 11:13:20,841,0.0,13.0,0.0,0.0,190.0,0,0,0
199367,30,2022-07-16 11:13:20,841,0.0,13.0,0.0,0.0,-140.0,0,0,0
199339,30,2022-07-16 11:13:20,842,0.0,13.0,0.0,0.0,160.0,0,0,0
199389,30,2022-07-16 11:13:20,843,0.0,13.0,0.0,0.0,-160.0,0,0,0
199391,30,2022-07-16 11:13:20,842,0.0,13.0,0.0,0.0,-180.0,0,0,0
199395,30,2022-07-16 11:13:20,841,0.0,13.0,0.0,0.0,-180.0,0,0,0
199399,30,2022-07-16 11:13:20,843,0.0,13.0,0.0,0.0,-180.0,0,0,0
199405,30,2022-07-16 11:13:20,883,0.0,13.0,0.0,0.0,-180.0,0,0,0
199419,30,2022-07-16 11:13:20,852,0.0,13.0,0.0,0.0,-180.0,0,0,0
199425,30,2022-07-16 11:13:20,844,0.0,13.0,0.0,0.0,-180.0,0,0,0
199427,30,2022-07-16 11:13:20,885,0.0,13.0,0.0,0.0,-180.0,0,0,0
199437,30,2022-07-16 11:13:20,882,0.0,13.0,0.0,0.0,-180.0,0,0,0
199445,30,2022-07-16 11:13:20,709,1.0,20287.0,1384.0,13990.0,-140.0,1,1,1
199447,30,2022-07-16 11:13:20,701,1.0,20348.0,1387.0,13990.0,-140.0,1,1,1
199449,30,2022-07-16 11:13:20,680,1.0,19709.0,1394.0,13990.0,-140.0,1,1,1
199276,30,2022-07-16 11:13:20,681,1.0,20134.0,1364.0,13990.0,990.0,1,1,1
199387,30,2022-07-16 11:13:20,840,0.0,13.0,0.0,0.0,-160.0,0,0,0
199381,30,2022-07-16 11:13:20,841,0.0,13.0,0.0,0.0,-160.0,0,0,0
199377,30,2022-07-16 11:13:20,842,0.0,13.0,0.0,0.0,-160.0,0,0,0
199375,30,2022-07-16 11:13:20,884,0.0,13.0,0.0,0.0,-140.0,0,0,0
199341,30,2022-07-16 11:13:20,841,0.0,13.0,0.0,0.0,110.0,0,0,0
199343,30,2022-07-16 11:13:20,843,0.0,13.0,0.0,0.0,70.0,0,0,0
199345,30,2022-07-16 11:13:20,908,0.0,13.0,0.0,0.0,30.0,0,0,0
199347,30,2022-07-16 11:13:20,842,0.0,13.0,0.0,0.0,0.0,0,0,0
199349,30,2022-07-16 11:13:20,841,0.0,13.0,0.0,0.0,-20.0,0,0,0
199351,30,2022-07-16 11:13:20,842,0.0,13.0,0.0,0.0,-50.0,0,0,0
199355,30,2022-07-16 11:13:20,859,0.0,13.0,0.0,0.0,-80.0,0,0,0
199357,30,2022-07-16 11:13:20,841,0.0,13.0,0.0,0.0,-100.0,0,0,0
199361,30,2022-07-16 11:13:20,842,0.0,13.0,0.0,0.0,-120.0,0,0,0
199363,30,2022-07-16 11:13:20,843,0.0,13.0,0.0,0.0,-120.0,0,0,0
199365,30,2022-07-16 11:13:20,842,0.0,13.0,0.0,0.0,-140.0,0,0,0
199353,30,2022-07-16 11:13:20,841,0.0,13.0,0.0,0.0,-50.0,0,0,0
199183,30,2022-07-16 11:13:20,679,1.0,20054.0,1377.0,13990.0,-90.0,1,1,1
199184,30,2022-07-16 11:13:20,13126,1.0,,,,,0,0,0
199186,30,2022-07-16 11:13:20,680,1.0,19955.0,1374.0,13990.0,-50.0,1,1,1
199188,30,2022-07-16 11:13:20,679,1.0,19913.0,1372.0,13990.0,,1,1,1
199190,30,2022-07-16 11:13:20,682,1.0,19886.0,1371.0,13990.0,50.0,1,1,1
199192,30,2022-07-16 11:13:20,679,1.0,19878.0,1370.0,13990.0,110.0,1,1,1
199194,30,2022-07-16 11:13:20,679,1.0,1987.0,1369.0,13990.0,190.0,1,1,0
199196,30,2022-07-16 11:13:20,680,1.0,19875.0,1368.0,13990.0,270.0,1,1,1
199198,30,2022-07-16 11:13:20,680,1.0,19886.0,1367.0,13990.0,350.0,1,1,1
199200,30,2022-07-16 11:13:20,680,1.0,19906.0,1366.0,13990.0,430.0,1,1,1
199202,30,2022-07-16 11:13:20,681,1.0,19929.0,1366.0,13990.0,530.0,1,1,1
199181,30,2022-07-16 11:13:20,843,0.0,13.0,0.0,0.0,-150.0,0,0,0
199179,30,2022-07-16 11:13:20,844,0.0,13.0,0.0,0.0,-150.0,0,0,0
199119,30,2022-07-16 11:13:20,841,0.0,13.0,0.0,0.0,-170.0,0,0,0
199125,30,2022-07-16 11:13:20,883,0.0,13.0,0.0,0.0,-170.0,0,0,0
199127,30,2022-07-16 11:13:20,842,0.0,13.0,0.0,0.0,-170.0,0,0,0
199139,30,2022-07-16 11:13:20,843,0.0,13.0,0.0,0.0,-170.0,0,0,0
199204,30,2022-07-16 11:13:20,680,1.0,19954.0,1365.0,13990.0,610.0,1,1,1
199155,30,2022-07-16 11:13:20,884,0.0,13.0,0.0,0.0,-170.0,0,0,0
199163,30,2022-07-16 11:13:20,708,1.0,20323.0,1385.0,13990.0,-150.0,1,1,1
199165,30,2022-07-16 11:13:20,680,1.0,20377.0,1387.0,13990.0,-130.0,1,1,1
199167,30,2022-07-16 11:13:20,680,1.0,19946.0,1394.0,13990.0,-130.0,1,1,1
199169,30,2022-07-16 11:13:20,841,0.0,13.0,0.0,0.0,-150.0,0,0,0
199171,30,2022-07-16 11:13:20,842,0.0,13.0,0.0,0.0,-150.0,0,0,0
199238,30,2022-07-16 11:13:20,682,1.0,20107.0,1364.0,13990.0,950.0,1,1,1
199240,30,2022-07-16 11:13:20,682,1.0,20111.0,1364.0,13990.0,950.0,1,1,1
199242,30,2022-07-16 11:13:20,681,1.0,20113.0,1364.0,13990.0,950.0,1,1,1
199244,30,2022-07-16 11:13:20,681,1.0,20114.0,1364.0,13990.0,950.0,1,1,1
199246,30,2022-07-16 11:13:20,682,1.0,20118.0,1364.0,13990.0,970.0,1,1,1
199248,30,2022-07-16 11:13:20,682,1.0,20122.0,1364.0,13990.0,970.0,1,1,1
199250,30,2022-07-16 11:13:20,683,1.0,20122.0,1364.0,13990.0,970.0,1,1,1
199252,30,2022-07-16 11:13:20,681,1.0,20124.0,1364.0,13990.0,970.0,1,1,1
199261,30,2022-07-16 11:13:20,681,1.0,20129.0,1364.0,13990.0,970.0,1,1,1
199262,30,2022-07-16 11:13:20,13101,1.0,,,,,0,0,0
199266,30,2022-07-16 11:13:20,681,1.0,20132.0,1364.0,13990.0,970.0,1,1,1
199268,30,2022-07-16 11:13:20,682,1.0,2013.0,1364.0,13990.0,970.0,1,1,0
199272,30,2022-07-16 11:13:20,681,1.0,20132.0,1364.0,13990.0,990.0,1,1,1
199206,30,2022-07-16 11:13:20,681,1.0,1998.0,1365.0,13990.0,670.0,1,1,0
199235,30,2022-07-16 11:13:20,682,1.0,20103.0,1364.0,13990.0,950.0,1,1,1
199254,30,2022-07-16 11:13:20,681,1.0,20126.0,1364.0,13990.0,970.0,1,1,1
199232,30,2022-07-16 11:13:20,680,1.0,20097.0,1363.0,13990.0,950.0,1,1,1
199209,30,2022-07-16 11:13:20,681,1.0,20005.0,1364.0,13990.0,750.0,1,1,1
199210,30,2022-07-16 11:13:20,13100,1.0,,,,,0,0,0
199212,30,2022-07-16 11:13:20,680,1.0,20019.0,1364.0,13990.0,790.0,1,1,1
199214,30,2022-07-16 11:13:20,681,1.0,20029.0,1364.0,13990.0,830.0,1,1,1
199216,30,2022-07-16 11:13:20,682,1.0,20039.0,1364.0,13990.0,850.0,1,1,1
199274,30,2022-07-16 11:13:20,681,1.0,20135.0,1364.0,13990.0,990.0,1,1,1
199220,30,2022-07-16 11:13:20,682,1.0,20055.0,1364.0,13990.0,870.0,1,1,1
199222,30,2022-07-16 11:13:20,682,1.0,20063.0,1363.0,13990.0,890.0,1,1,1
199224,30,2022-07-16 11:13:20,680,1.0,20072.0,1363.0,13990.0,910.0,1,1,1
199226,30,2022-07-16 11:13:20,680,1.0,20075.0,1363.0,13990.0,930.0,1,1,1
199230,30,2022-07-16 11:13:20,682,1.0,20089.0,1364.0,13990.0,930.0,1,1,1
199228,30,2022-07-16 11:13:20,681,1.0,20084.0,1364.0,13990.0,930.0,1,1,1
199218,30,2022-07-16 11:13:20,682,1.0,20047.0,1364.0,13990.0,870.0,1,1,1
199639,30,2022-07-16 14:00:00,841,0.0,13.0,0.0,0.0,-120.0,0,0,0
199641,30,2022-07-16 14:00:00,840,0.0,13.0,0.0,0.0,-120.0,0,0,0
199637,30,2022-07-16 14:00:00,842,0.0,13.0,0.0,0.0,-100.0,0,0,0
199631,30,2022-07-16 14:00:00,842,0.0,13.0,0.0,0.0,-50.0,0,0,0
199633,30,2022-07-16 14:00:00,842,0.0,13.0,0.0,0.0,-70.0,0,0,0
199629,30,2022-07-16 14:00:00,841,0.0,13.0,0.0,0.0,-20.0,0,0,0
199635,30,2022-07-16 14:00:00,841,0.0,13.0,0.0,0.0,-70.0,0,0,0
199643,30,2022-07-16 14:00:00,844,0.0,13.0,0.0,0.0,-120.0,0,0,0
199665,30,2022-07-16 14:00:00,844,0.0,13.0,0.0,0.0,-160.0,0,0,0
199647,30,2022-07-16 14:00:00,841,0.0,13.0,0.0,0.0,-140.0,0,0,0
199649,30,2022-07-16 14:00:00,844,0.0,13.0,0.0,0.0,-140.0,0,0,0
199653,30,2022-07-16 14:00:00,842,0.0,13.0,0.0,0.0,-140.0,0,0,0
199657,30,2022-07-16 14:00:00,882,0.0,13.0,0.0,0.0,-160.0,0,0,0
199659,30,2022-07-16 14:00:00,842,0.0,13.0,0.0,0.0,-160.0,0,0,0
199661,30,2022-07-16 14:00:00,841,0.0,13.0,0.0,0.0,-160.0,0,0,0
199663,30,2022-07-16 14:00:00,843,0.0,13.0,0.0,0.0,-160.0,0,0,0
199671,30,2022-07-16 14:00:00,842,0.0,13.0,0.0,0.0,-180.0,0,0,0
199675,30,2022-07-16 14:00:00,843,0.0,13.0,0.0,0.0,-180.0,0,0,0
199645,30,2022-07-16 14:00:00,840,0.0,13.0,0.0,0.0,-140.0,0,0,0
199627,30,2022-07-16 14:00:00,883,0.0,13.0,0.0,0.0,0.0,0,0,0
199625,30,2022-07-16 14:00:00,841,0.0,13.0,0.0,0.0,30.0,0,0,0
199677,30,2022-07-16 14:00:00,853,0.0,13.0,0.0,0.0,-180.0,0,0,0
199599,30,2022-07-16 14:00:00,843,0.0,13.0,0.0,0.0,760.0,0,0,0
199601,30,2022-07-16 14:00:00,843,0.0,13.0,0.0,0.0,690.0,0,0,0
199603,30,2022-07-16 14:00:00,844,0.0,13.0,0.0,0.0,630.0,0,0,0
199607,30,2022-07-16 14:00:00,847,0.0,13.0,0.0,0.0,490.0,0,0,0
199609,30,2022-07-16 14:00:00,843,0.0,13.0,0.0,0.0,410.0,0,0,0
199611,30,2022-07-16 14:00:00,841,0.0,13.0,0.0,0.0,350.0,0,0,0
199613,30,2022-07-16 14:00:00,842,0.0,13.0,0.0,0.0,300.0,0,0,0
199615,30,2022-07-16 14:00:00,842,0.0,13.0,0.0,0.0,250.0,0,0,0
199617,30,2022-07-16 14:00:00,873,0.0,13.0,0.0,0.0,190.0,0,0,0
199619,30,2022-07-16 14:00:00,842,0.0,13.0,0.0,0.0,140.0,0,0,0
199621,30,2022-07-16 14:00:00,841,0.0,13.0,0.0,0.0,100.0,0,0,0
199623,30,2022-07-16 14:00:00,842,0.0,13.0,0.0,0.0,50.0,0,0,0
199683,30,2022-07-16 14:00:00,841,0.0,13.0,0.0,0.0,-180.0,0,0,0
199761,30,2022-07-16 14:00:00,680,1.0,1988.0,1368.0,13990.0,270.0,1,1,0
199763,30,2022-07-16 14:00:00,679,1.0,19895.0,1367.0,13990.0,350.0,1,1,1
199765,30,2022-07-16 14:00:00,680,1.0,19912.0,1367.0,13990.0,450.0,1,1,1
199767,30,2022-07-16 14:00:00,682,1.0,19936.0,1366.0,13990.0,550.0,1,1,1
199769,30,2022-07-16 14:00:00,680,1.0,19961.0,1366.0,13990.0,630.0,1,1,1
199772,30,2022-07-16 14:00:00,13268,1.0,19987.0,1365.0,13990.0,710.0,1,1,1
199774,30,2022-07-16 14:00:00,680,1.0,20011.0,1365.0,13990.0,750.0,1,1,1
199777,30,2022-07-16 14:00:00,680,1.0,20029.0,1365.0,13990.0,790.0,1,1,1
199597,30,2022-07-16 14:00:00,2113,0.0,13.0,0.0,0.0,850.0,0,0,0
199781,30,2022-07-16 14:00:00,680,1.0,2005.0,1365.0,13990.0,850.0,1,1,0
199783,30,2022-07-16 14:00:00,681,1.0,20059.0,1365.0,13990.0,870.0,1,1,1
199785,30,2022-07-16 14:00:00,13269,1.0,20068.0,1364.0,13990.0,870.0,1,1,1
199787,30,2022-07-16 14:00:00,681,1.0,20076.0,1364.0,13990.0,890.0,1,1,1
199789,30,2022-07-16 14:00:00,681,1.0,20082.0,1364.0,13990.0,910.0,1,1,1
199775,30,2022-07-16 14:00:00,13100,1.0,,,,,0,0,0
199759,30,2022-07-16 14:00:00,13292,1.0,19871.0,1369.0,13990.0,210.0,1,1,1
199757,30,2022-07-16 14:00:00,680,1.0,19875.0,1370.0,13990.0,110.0,1,1,1
199687,30,2022-07-16 14:00:00,884,0.0,13.0,0.0,0.0,-180.0,0,0,0
199693,30,2022-07-16 14:00:00,844,0.0,13.0,0.0,0.0,-180.0,0,0,0
199720,30,2022-07-16 14:00:00,849,0.0,13.0,0.0,0.0,-180.0,0,0,0
199722,30,2022-07-16 14:00:00,882,0.0,13.0,0.0,0.0,-180.0,0,0,0
199728,30,2022-07-16 14:00:00,840,0.0,13.0,0.0,0.0,-150.0,0,0,0
199730,30,2022-07-16 14:00:00,708,1.0,20279.0,1384.0,13990.0,-130.0,1,1,1
199732,30,2022-07-16 14:00:00,680,1.0,20336.0,1387.0,13990.0,-130.0,1,1,1
199734,30,2022-07-16 14:00:00,680,1.0,19789.0,1394.0,13990.0,-130.0,1,1,1
199746,30,2022-07-16 14:00:00,843,0.0,13.0,0.0,0.0,-150.0,0,0,0
199748,30,2022-07-16 14:00:00,680,1.0,20051.0,1377.0,13990.0,-90.0,1,1,1
199749,30,2022-07-16 14:00:00,13101,1.0,,,,,0,0,0
199751,30,2022-07-16 14:00:00,679,1.0,19953.0,1374.0,13990.0,-50.0,1,1,1
199753,30,2022-07-16 14:00:00,680,1.0,19911.0,1372.0,13990.0,,1,1,1
199755,30,2022-07-16 14:00:00,679,1.0,19884.0,1371.0,13990.0,50.0,1,1,1
199605,30,2022-07-16 14:00:00,842,0.0,13.0,0.0,0.0,550.0,0,0,0
199489,30,2022-07-16 14:00:00,679,1.0,20007.0,1365.0,13990.0,750.0,1,1,1
199490,30,2022-07-16 14:00:00,13098,1.0,,,,,0,0,0
199492,30,2022-07-16 14:00:00,681,1.0,20024.0,1365.0,13990.0,790.0,1,1,1
199494,30,2022-07-16 14:00:00,681,1.0,20039.0,1365.0,13990.0,830.0,1,1,1
199496,30,2022-07-16 14:00:00,680,1.0,20046.0,1365.0,13990.0,850.0,1,1,1
199498,30,2022-07-16 14:00:00,679,1.0,20055.0,1365.0,13990.0,870.0,1,1,1
199487,30,2022-07-16 14:00:00,13266,1.0,1998.0,1365.0,13990.0,710.0,1,1,0
199500,30,2022-07-16 14:00:00,13268,1.0,20065.0,1364.0,13990.0,870.0,1,1,1
199502,30,2022-07-16 14:00:00,732,1.0,20073.0,1364.0,13990.0,890.0,1,1,1
199504,30,2022-07-16 14:00:00,681,1.0,20078.0,1364.0,13990.0,910.0,1,1,1
199506,30,2022-07-16 14:00:00,682,1.0,20087.0,1364.0,13990.0,930.0,1,1,1
199508,30,2022-07-16 14:00:00,682,1.0,20092.0,1364.0,13990.0,930.0,1,1,1
199510,30,2022-07-16 14:00:00,681,1.0,20097.0,1364.0,13990.0,930.0,1,1,1
199513,30,2022-07-16 14:00:00,13268,1.0,20101.0,1364.0,13990.0,950.0,1,1,1
199484,30,2022-07-16 14:00:00,680,1.0,19955.0,1365.0,13990.0,610.0,1,1,1
199457,30,2022-07-16 14:00:00,841,0.0,13.0,0.0,0.0,-150.0,0,0,0
199459,30,2022-07-16 14:00:00,842,0.0,13.0,0.0,0.0,-150.0,0,0,0
199595,30,2022-07-16 14:00:00,843,0.0,13.0,0.0,0.0,880.0,0,0,0
199463,30,2022-07-16 14:00:00,679,1.0,20039.0,1377.0,13990.0,-90.0,1,1,1
199464,30,2022-07-16 14:00:00,13108,1.0,,,,,0,0,0
199466,30,2022-07-16 14:00:00,680,1.0,19945.0,1373.0,13990.0,-50.0,1,1,1
199468,30,2022-07-16 14:00:00,679,1.0,19903.0,1371.0,13990.0,,1,1,1
199470,30,2022-07-16 14:00:00,681,1.0,1988.0,1370.0,13990.0,50.0,1,1,0
199472,30,2022-07-16 14:00:00,680,1.0,19866.0,1369.0,13990.0,110.0,1,1,1
199474,30,2022-07-16 14:00:00,13277,1.0,19861.0,1368.0,13990.0,190.0,1,1,1
199476,30,2022-07-16 14:00:00,679,1.0,19869.0,1367.0,13990.0,270.0,1,1,1
199478,30,2022-07-16 14:00:00,679,1.0,19882.0,1367.0,13990.0,350.0,1,1,1
199480,30,2022-07-16 14:00:00,680,1.0,19903.0,1366.0,13990.0,450.0,1,1,1
199482,30,2022-07-16 14:00:00,682,1.0,19929.0,1366.0,13990.0,530.0,1,1,1
199515,30,2022-07-16 14:00:00,683,1.0,20107.0,1364.0,13990.0,950.0,1,1,1
199520,30,2022-07-16 14:00:00,683,1.0,20112.0,1364.0,13990.0,950.0,1,1,1
199562,30,2022-07-16 14:00:00,682,1.0,20127.0,1364.0,13990.0,990.0,1,1,1
199565,30,2022-07-16 14:00:00,13265,1.0,20125.0,1363.0,13990.0,990.0,1,1,1
199567,30,2022-07-16 14:00:00,682,1.0,20124.0,1364.0,13990.0,990.0,1,1,1
199568,30,2022-07-16 14:00:00,13099,1.0,,,,,0,0,0
199570,30,2022-07-16 14:00:00,680,1.0,20122.0,1363.0,13990.0,990.0,1,1,1
199574,30,2022-07-16 14:00:00,903,0.0,13.0,0.0,6880.0,950.0,0,0,0
199576,30,2022-07-16 14:00:00,681,1.0,20184.0,1367.0,13990.0,970.0,1,1,1
199578,30,2022-07-16 14:00:00,13713,1.0,20154.0,1366.0,13990.0,970.0,1,1,1
199580,30,2022-07-16 14:00:00,681,1.0,20139.0,1365.0,13990.0,980.0,1,1,1
199582,30,2022-07-16 14:00:00,681,1.0,20138.0,1365.0,13990.0,980.0,1,1,1
199584,30,2022-07-16 14:00:00,843,0.0,13.0,0.0,0.0,960.0,0,0,0
199586,30,2022-07-16 14:00:00,902,0.0,13.0,0.0,6880.0,950.0,0,0,0
199591,30,2022-07-16 14:00:00,13267,1.0,20162.0,1367.0,13990.0,960.0,1,1,1
199593,30,2022-07-16 14:00:00,842,0.0,13.0,0.0,0.0,930.0,0,0,0
199518,30,2022-07-16 14:00:00,682,1.0,20109.0,1364.0,13990.0,950.0,1,1,1
199560,30,2022-07-16 14:00:00,682,1.0,20128.0,1364.0,13990.0,990.0,1,1,1
199588,30,2022-07-16 14:00:00,682,1.0,20194.0,1368.0,13990.0,960.0,1,1,1
199556,30,2022-07-16 14:00:00,681,1.0,20127.0,1364.0,13990.0,990.0,1,1,1
199522,30,2022-07-16 14:00:00,681,1.0,20114.0,1364.0,13990.0,950.0,1,1,1
199524,30,2022-07-16 14:00:00,681,1.0,20116.0,1364.0,13990.0,950.0,1,1,1
199526,30,2022-07-16 14:00:00,13267,1.0,2012.0,1364.0,13990.0,970.0,1,1,0
199530,30,2022-07-16 14:00:00,681,1.0,20124.0,1364.0,13990.0,970.0,1,1,1
199532,30,2022-07-16 14:00:00,683,1.0,20124.0,1364.0,13990.0,970.0,1,1,1
199534,30,2022-07-16 14:00:00,682,1.0,20125.0,1364.0,13990.0,970.0,1,1,1
199536,30,2022-07-16 14:00:00,681,1.0,20126.0,1364.0,13990.0,970.0,1,1,1
199528,30,2022-07-16 14:00:00,681,1.0,20122.0,1364.0,13990.0,970.0,1,1,1
199539,30,2022-07-16 14:00:00,13269,1.0,20125.0,1364.0,13990.0,970.0,1,1,1
199541,30,2022-07-16 14:00:00,687,1.0,20127.0,1364.0,13990.0,970.0,1,1,1
199542,30,2022-07-16 14:00:00,13097,1.0,,,,,0,0,0
199544,30,2022-07-16 14:00:00,681,1.0,20128.0,1364.0,13990.0,970.0,1,1,1
199548,30,2022-07-16 14:00:00,681,1.0,2013.0,1364.0,13990.0,970.0,1,1,0
199554,30,2022-07-16 14:00:00,682,1.0,20129.0,1364.0,13990.0,990.0,1,1,1
199552,30,2022-07-16 14:00:00,13268,1.0,20128.0,1364.0,13990.0,990.0,1,1,1
200022,30,2022-07-16 16:46:40,679,1.0,19916.0,1372.0,13990.0,,1,1,1
200020,30,2022-07-16 16:46:40,844,0.0,13.0,0.0,0.0,-150.0,0,0,0
200014,30,2022-07-16 16:46:40,680,1.0,19926.0,1394.0,13990.0,-130.0,1,1,1
200012,30,2022-07-16 16:46:40,680,1.0,20357.0,1388.0,13990.0,-130.0,1,1,1
200010,30,2022-07-16 16:46:40,708,1.0,2030.0,1385.0,13990.0,-130.0,1,1,0
200038,30,2022-07-16 16:46:40,679,1.0,19895.0,1367.0,13990.0,350.0,1,1,1
200030,30,2022-07-16 16:46:40,678,1.0,19889.0,1371.0,13990.0,50.0,1,1,1
200032,30,2022-07-16 16:46:40,680,1.0,19872.0,1370.0,13990.0,110.0,1,1,1
200034,30,2022-07-16 16:46:40,13266,1.0,1987.0,1369.0,13990.0,190.0,1,1,0
200036,30,2022-07-16 16:46:40,680,1.0,19882.0,1368.0,13990.0,270.0,1,1,1
200040,30,2022-07-16 16:46:40,679,1.0,19912.0,1367.0,13990.0,450.0,1,1,1
200042,30,2022-07-16 16:46:40,680,1.0,19936.0,1366.0,13990.0,530.0,1,1,1
199952,30,2022-07-16 16:46:40,842,0.0,13.0,0.0,0.0,-170.0,0,0,0
199928,30,2022-07-16 16:46:40,842,0.0,13.0,0.0,0.0,-130.0,0,0,0
199926,30,2022-07-16 16:46:40,844,0.0,13.0,0.0,0.0,-130.0,0,0,0
199924,30,2022-07-16 16:46:40,842,0.0,13.0,0.0,0.0,-100.0,0,0,0
199922,30,2022-07-16 16:46:40,841,0.0,13.0,0.0,0.0,-90.0,0,0,0
199930,30,2022-07-16 16:46:40,843,0.0,13.0,0.0,0.0,-130.0,0,0,0
199932,30,2022-07-16 16:46:40,842,0.0,13.0,0.0,0.0,-150.0,0,0,0
199936,30,2022-07-16 16:46:40,843,0.0,13.0,0.0,0.0,-150.0,0,0,0
199942,30,2022-07-16 16:46:40,882,0.0,13.0,0.0,0.0,-150.0,0,0,0
199946,30,2022-07-16 16:46:40,841,0.0,13.0,0.0,0.0,-150.0,0,0,0
199948,30,2022-07-16 16:46:40,843,0.0,13.0,0.0,0.0,-170.0,0,0,0
199950,30,2022-07-16 16:46:40,840,0.0,13.0,0.0,0.0,-170.0,0,0,0
199964,30,2022-07-16 16:46:40,841,0.0,13.0,0.0,0.0,-170.0,0,0,0
199972,30,2022-07-16 16:46:40,883,0.0,13.0,0.0,0.0,-170.0,0,0,0
199980,30,2022-07-16 16:46:40,844,0.0,13.0,0.0,0.0,-170.0,0,0,0
199982,30,2022-07-16 16:46:40,854,0.0,13.0,0.0,0.0,-170.0,0,0,0
199992,30,2022-07-16 16:46:40,872,0.0,13.0,0.0,0.0,-170.0,0,0,0
200044,30,2022-07-16 16:46:40,680,1.0,19961.0,1366.0,13990.0,610.0,1,1,1
200047,30,2022-07-16 16:46:40,13266,1.0,19987.0,1365.0,13990.0,690.0,1,1,1
200084,30,2022-07-16 16:46:40,681,1.0,20117.0,1364.0,13990.0,950.0,1,1,1
200086,30,2022-07-16 16:46:40,13266,1.0,2012.0,1364.0,13990.0,970.0,1,1,0
200088,30,2022-07-16 16:46:40,681,1.0,20121.0,1364.0,13990.0,970.0,1,1,1
200090,30,2022-07-16 16:46:40,682,1.0,20122.0,1364.0,13990.0,970.0,1,1,1
200092,30,2022-07-16 16:46:40,681,1.0,20124.0,1364.0,13990.0,970.0,1,1,1
200094,30,2022-07-16 16:46:40,681,1.0,20125.0,1364.0,13990.0,970.0,1,1,1
200096,30,2022-07-16 16:46:40,681,1.0,20127.0,1364.0,13990.0,970.0,1,1,1
200082,30,2022-07-16 16:46:40,682,1.0,20113.0,1364.0,13990.0,950.0,1,1,1
200101,30,2022-07-16 16:46:40,683,1.0,2013.0,1364.0,13990.0,970.0,1,1,0
200104,30,2022-07-16 16:46:40,682,1.0,20133.0,1364.0,13990.0,970.0,1,1,1
200106,30,2022-07-16 16:46:40,681,1.0,20131.0,1364.0,13990.0,970.0,1,1,1
200110,30,2022-07-16 16:46:40,681,1.0,20133.0,1364.0,13990.0,970.0,1,1,1
200112,30,2022-07-16 16:46:40,13267,1.0,20132.0,1364.0,13990.0,990.0,1,1,1
200114,30,2022-07-16 16:46:40,682,1.0,20132.0,1364.0,13990.0,990.0,1,1,1
200099,30,2022-07-16 16:46:40,13269,1.0,20129.0,1364.0,13990.0,970.0,1,1,1
200080,30,2022-07-16 16:46:40,682,1.0,20109.0,1364.0,13990.0,950.0,1,1,1
200078,30,2022-07-16 16:46:40,682,1.0,20105.0,1364.0,13990.0,950.0,1,1,1
200049,30,2022-07-16 16:46:40,679,1.0,20006.0,1365.0,13990.0,750.0,1,1,1
200050,30,2022-07-16 16:46:40,13097,1.0,,,,,0,0,0
200052,30,2022-07-16 16:46:40,680,1.0,20022.0,1365.0,13990.0,790.0,1,1,1
200054,30,2022-07-16 16:46:40,682,1.0,20036.0,1364.0,13990.0,830.0,1,1,1
200056,30,2022-07-16 16:46:40,681,1.0,20042.0,1364.0,13990.0,850.0,1,1,1
200058,30,2022-07-16 16:46:40,680,1.0,20049.0,1364.0,13990.0,870.0,1,1,1
200060,30,2022-07-16 16:46:40,13266,1.0,20056.0,1364.0,13990.0,870.0,1,1,1
200062,30,2022-07-16 16:46:40,696,1.0,20066.0,1364.0,13990.0,890.0,1,1,1
200064,30,2022-07-16 16:46:40,682,1.0,2007.0,1364.0,13990.0,910.0,1,1,0
200066,30,2022-07-16 16:46:40,680,1.0,20078.0,1363.0,13990.0,930.0,1,1,1
200068,30,2022-07-16 16:46:40,680,1.0,20082.0,1363.0,13990.0,930.0,1,1,1
200070,30,2022-07-16 16:46:40,680,1.0,20087.0,1363.0,13990.0,930.0,1,1,1
200073,30,2022-07-16 16:46:40,13294,1.0,20093.0,1364.0,13990.0,950.0,1,1,1
200075,30,2022-07-16 16:46:40,680,1.0,20103.0,1364.0,13990.0,950.0,1,1,1
200076,30,2022-07-16 16:46:40,13096,1.0,,,,,0,0,0
199920,30,2022-07-16 16:46:40,842,0.0,13.0,0.0,0.0,-90.0,0,0,0
199918,30,2022-07-16 16:46:40,841,0.0,13.0,0.0,0.0,-70.0,0,0,0
199821,30,2022-07-16 16:46:40,680,1.0,20118.0,1363.0,13990.0,970.0,1,1,1
199824,30,2022-07-16 16:46:40,13272,1.0,20118.0,1363.0,13990.0,970.0,1,1,1
199827,30,2022-07-16 16:46:40,13112,1.0,,,,,0,0,0
199829,30,2022-07-16 16:46:40,680,1.0,20119.0,1363.0,13990.0,970.0,1,1,1
199831,30,2022-07-16 16:46:40,680,1.0,20121.0,1363.0,13990.0,970.0,1,1,1
199833,30,2022-07-16 16:46:40,682,1.0,20122.0,1363.0,13990.0,970.0,1,1,1
199835,30,2022-07-16 16:46:40,681,1.0,20123.0,1363.0,13990.0,970.0,1,1,1
199819,30,2022-07-16 16:46:40,681,1.0,20117.0,1363.0,13990.0,970.0,1,1,1
199837,30,2022-07-16 16:46:40,13281,1.0,20125.0,1364.0,13990.0,990.0,1,1,1
199839,30,2022-07-16 16:46:40,682,1.0,20126.0,1364.0,13990.0,990.0,1,1,1
199841,30,2022-07-16 16:46:40,681,1.0,20127.0,1364.0,13990.0,990.0,1,1,1
199843,30,2022-07-16 16:46:40,681,1.0,20128.0,1364.0,13990.0,990.0,1,1,1
199847,30,2022-07-16 16:46:40,685,1.0,20127.0,1364.0,13990.0,990.0,1,1,1
199850,30,2022-07-16 16:46:40,13269,1.0,20129.0,1364.0,13990.0,990.0,1,1,1
199852,30,2022-07-16 16:46:40,682,1.0,20131.0,1364.0,13990.0,990.0,1,1,1
199853,30,2022-07-16 16:46:40,13102,1.0,,,,,0,0,0
199855,30,2022-07-16 16:46:40,681,1.0,20129.0,1364.0,13990.0,990.0,1,1,1
199817,30,2022-07-16 16:46:40,680,1.0,20115.0,1363.0,13990.0,970.0,1,1,1
199701,30,2022-07-16 16:46:40,679,1.0,20047.0,1377.0,13990.0,-90.0,1,1,1
199702,30,2022-07-16 16:46:40,13104,1.0,,,,,0,0,0
199704,30,2022-07-16 16:46:40,680,1.0,19955.0,1374.0,13990.0,-50.0,1,1,1
199791,30,2022-07-16 16:46:40,681,1.0,20087.0,1364.0,13990.0,930.0,1,1,1
199793,30,2022-07-16 16:46:40,681,1.0,20096.0,1364.0,13990.0,930.0,1,1,1
199795,30,2022-07-16 16:46:40,682,1.0,20099.0,1364.0,13990.0,930.0,1,1,1
199815,30,2022-07-16 16:46:40,682,1.0,20115.0,1364.0,13990.0,970.0,1,1,1
199798,30,2022-07-16 16:46:40,13288,1.0,20104.0,1364.0,13990.0,950.0,1,1,1
199800,30,2022-07-16 16:46:40,682,1.0,20106.0,1364.0,13990.0,950.0,1,1,1
199801,30,2022-07-16 16:46:40,13099,1.0,,,,,0,0,0
199803,30,2022-07-16 16:46:40,681,1.0,2011.0,1364.0,13990.0,950.0,1,1,0
199805,30,2022-07-16 16:46:40,681,1.0,20113.0,1364.0,13990.0,950.0,1,1,1
199807,30,2022-07-16 16:46:40,682,1.0,20111.0,1364.0,13990.0,950.0,1,1,1
199809,30,2022-07-16 16:46:40,681,1.0,20114.0,1364.0,13990.0,950.0,1,1,1
199811,30,2022-07-16 16:46:40,13266,1.0,20113.0,1364.0,13990.0,970.0,1,1,1
199813,30,2022-07-16 16:46:40,682,1.0,20116.0,1364.0,13990.0,970.0,1,1,1
199857,30,2022-07-16 16:46:40,683,1.0,20129.0,1364.0,13990.0,990.0,1,1,1
199859,30,2022-07-16 16:46:40,901,0.0,13.0,0.0,6880.0,950.0,0,0,0
199892,30,2022-07-16 16:46:40,841,0.0,13.0,0.0,0.0,490.0,0,0,0
199894,30,2022-07-16 16:46:40,841,0.0,13.0,0.0,0.0,410.0,0,0,0
199896,30,2022-07-16 16:46:40,841,0.0,13.0,0.0,0.0,350.0,0,0,0
199898,30,2022-07-16 16:46:40,841,0.0,13.0,0.0,0.0,290.0,0,0,0
199900,30,2022-07-16 16:46:40,843,0.0,13.0,0.0,0.0,240.0,0,0,0
199902,30,2022-07-16 16:46:40,856,0.0,13.0,0.0,0.0,190.0,0,0,0
199904,30,2022-07-16 16:46:40,843,0.0,13.0,0.0,0.0,140.0,0,0,0
199906,30,2022-07-16 16:46:40,842,0.0,13.0,0.0,0.0,110.0,0,0,0
199908,30,2022-07-16 16:46:40,844,0.0,13.0,0.0,0.0,60.0,0,0,0
199910,30,2022-07-16 16:46:40,844,0.0,13.0,0.0,0.0,30.0,0,0,0
199912,30,2022-07-16 16:46:40,882,0.0,13.0,0.0,0.0,0.0,0,0,0
199916,30,2022-07-16 16:46:40,841,0.0,13.0,0.0,0.0,-50.0,0,0,0
199890,30,2022-07-16 16:46:40,844,0.0,13.0,0.0,0.0,550.0,0,0,0
199914,30,2022-07-16 16:46:40,843,0.0,13.0,0.0,0.0,-20.0,0,0,0
199888,30,2022-07-16 16:46:40,844,0.0,13.0,0.0,0.0,630.0,0,0,0
199861,30,2022-07-16 16:46:40,681,1.0,20192.0,1368.0,13990.0,970.0,1,1,1
199865,30,2022-07-16 16:46:40,681,1.0,20153.0,1366.0,13990.0,980.0,1,1,1
199867,30,2022-07-16 16:46:40,681,1.0,20151.0,1366.0,13990.0,980.0,1,1,1
199869,30,2022-07-16 16:46:40,842,0.0,13.0,0.0,0.0,960.0,0,0,0
199873,30,2022-07-16 16:46:40,682,1.0,2020.0,1369.0,13990.0,960.0,1,1,0
199863,30,2022-07-16 16:46:40,13711,1.0,20166.0,1367.0,13990.0,970.0,1,1,1
199876,30,2022-07-16 16:46:40,13266,1.0,20169.0,1367.0,13990.0,960.0,1,1,1
199886,30,2022-07-16 16:46:40,844,0.0,13.0,0.0,0.0,690.0,0,0,0
199884,30,2022-07-16 16:46:40,843,0.0,13.0,0.0,0.0,760.0,0,0,0
199880,30,2022-07-16 16:46:40,844,0.0,13.0,0.0,0.0,880.0,0,0,0
199878,30,2022-07-16 16:46:40,843,0.0,13.0,0.0,0.0,930.0,0,0,0
199882,30,2022-07-16 16:46:40,1328,0.0,13.0,0.0,0.0,830.0,0,0,0
200344,30,2022-07-16 19:33:20,681,1.0,20081.0,1364.0,13990.0,910.0,1,1,1
200342,30,2022-07-16 19:33:20,681,1.0,20075.0,1364.0,13990.0,890.0,1,1,1
200340,30,2022-07-16 19:33:20,13269,1.0,20064.0,1364.0,13990.0,870.0,1,1,1
200338,30,2022-07-16 19:33:20,682,1.0,20057.0,1364.0,13990.0,870.0,1,1,1
200336,30,2022-07-16 19:33:20,681,1.0,20045.0,1364.0,13990.0,850.0,1,1,1
200334,30,2022-07-16 19:33:20,680,1.0,20037.0,1365.0,13990.0,830.0,1,1,1
200346,30,2022-07-16 19:33:20,681,1.0,20086.0,1364.0,13990.0,930.0,1,1,1
200348,30,2022-07-16 19:33:20,681,1.0,20093.0,1364.0,13990.0,930.0,1,1,1
200350,30,2022-07-16 19:33:20,681,1.0,2010.0,1364.0,13990.0,930.0,1,1,0
200353,30,2022-07-16 19:33:20,13267,1.0,20105.0,1364.0,13990.0,950.0,1,1,1
200355,30,2022-07-16 19:33:20,683,1.0,20109.0,1364.0,13990.0,950.0,1,1,1
200358,30,2022-07-16 19:33:20,681,1.0,20112.0,1364.0,13990.0,950.0,1,1,1
200360,30,2022-07-16 19:33:20,681,1.0,20115.0,1364.0,13990.0,950.0,1,1,1
200362,30,2022-07-16 19:33:20,682,1.0,2012.0,1364.0,13990.0,950.0,1,1,0
200332,30,2022-07-16 19:33:20,686,1.0,20023.0,1365.0,13990.0,790.0,1,1,1
200364,30,2022-07-16 19:33:20,681,1.0,2012.0,1364.0,13990.0,950.0,1,1,0
200366,30,2022-07-16 19:33:20,13267,1.0,20123.0,1364.0,13990.0,970.0,1,1,1
200330,30,2022-07-16 19:33:20,13100,1.0,,,,,0,0,0
200306,30,2022-07-16 19:33:20,679,1.0,19941.0,1373.0,13990.0,-50.0,1,1,1
200368,30,2022-07-16 19:33:20,681,1.0,20124.0,1364.0,13990.0,970.0,1,1,1
200308,30,2022-07-16 19:33:20,679,1.0,1990.0,1371.0,13990.0,,1,1,0
200310,30,2022-07-16 19:33:20,680,1.0,19879.0,1370.0,13990.0,50.0,1,1,1
200312,30,2022-07-16 19:33:20,679,1.0,19865.0,1369.0,13990.0,110.0,1,1,1
200314,30,2022-07-16 19:33:20,13266,1.0,19864.0,1368.0,13990.0,190.0,1,1,1
200316,30,2022-07-16 19:33:20,690,1.0,1987.0,1368.0,13990.0,270.0,1,1,0
200318,30,2022-07-16 19:33:20,679,1.0,19885.0,1367.0,13990.0,350.0,1,1,1
200320,30,2022-07-16 19:33:20,679,1.0,19904.0,1367.0,13990.0,450.0,1,1,1
200322,30,2022-07-16 19:33:20,682,1.0,19927.0,1366.0,13990.0,530.0,1,1,1
200324,30,2022-07-16 19:33:20,681,1.0,19955.0,1366.0,13990.0,610.0,1,1,1
200327,30,2022-07-16 19:33:20,13266,1.0,19982.0,1365.0,13990.0,690.0,1,1,1
200329,30,2022-07-16 19:33:20,680,1.0,20008.0,1365.0,13990.0,750.0,1,1,1
200414,30,2022-07-16 19:33:20,871,0.0,13.0,0.0,0.0,950.0,0,0,0
200418,30,2022-07-16 19:33:20,13713,1.0,20157.0,1366.0,13990.0,970.0,1,1,1
200420,30,2022-07-16 19:33:20,679,1.0,2014.0,1365.0,13990.0,970.0,1,1,0
200422,30,2022-07-16 19:33:20,681,1.0,20139.0,1365.0,13990.0,980.0,1,1,1
200424,30,2022-07-16 19:33:20,842,0.0,13.0,0.0,0.0,960.0,0,0,0
200426,30,2022-07-16 19:33:20,875,0.0,13.0,0.0,0.0,930.0,0,0,0
200428,30,2022-07-16 19:33:20,680,1.0,20192.0,1369.0,13990.0,960.0,1,1,1
200431,30,2022-07-16 19:33:20,13266,1.0,20164.0,1367.0,13990.0,960.0,1,1,1
200433,30,2022-07-16 19:33:20,843,0.0,13.0,0.0,0.0,910.0,0,0,0
200435,30,2022-07-16 19:33:20,843,0.0,13.0,0.0,0.0,880.0,0,0,0
200437,30,2022-07-16 19:33:20,2119,0.0,13.0,0.0,0.0,850.0,0,0,0
200441,30,2022-07-16 19:33:20,842,0.0,13.0,0.0,0.0,690.0,0,0,0
200443,30,2022-07-16 19:33:20,842,0.0,13.0,0.0,0.0,630.0,0,0,0
200445,30,2022-07-16 19:33:20,842,0.0,13.0,0.0,0.0,550.0,0,0,0
200304,30,2022-07-16 19:33:20,13099,1.0,,,,,0,0,0
200447,30,2022-07-16 19:33:20,842,0.0,13.0,0.0,0.0,490.0,0,0,0
200416,30,2022-07-16 19:33:20,682,1.0,20182.0,1368.0,13990.0,970.0,1,1,1
200370,30,2022-07-16 19:33:20,682,1.0,20125.0,1364.0,13990.0,970.0,1,1,1
200372,30,2022-07-16 19:33:20,681,1.0,20128.0,1364.0,13990.0,970.0,1,1,1
200376,30,2022-07-16 19:33:20,681,1.0,20129.0,1364.0,13990.0,970.0,1,1,1
200379,30,2022-07-16 19:33:20,13271,1.0,20129.0,1364.0,13990.0,970.0,1,1,1
200381,30,2022-07-16 19:33:20,682,1.0,20129.0,1364.0,13990.0,970.0,1,1,1
200384,30,2022-07-16 19:33:20,682,1.0,20131.0,1364.0,13990.0,970.0,1,1,1
200386,30,2022-07-16 19:33:20,681,1.0,20131.0,1364.0,13990.0,970.0,1,1,1
200388,30,2022-07-16 19:33:20,681,1.0,20132.0,1364.0,13990.0,970.0,1,1,1
200392,30,2022-07-16 19:33:20,13267,1.0,20131.0,1364.0,13990.0,970.0,1,1,1
200394,30,2022-07-16 19:33:20,681,1.0,2013.0,1364.0,13990.0,990.0,1,1,0
200396,30,2022-07-16 19:33:20,681,1.0,20127.0,1364.0,13990.0,990.0,1,1,1
200400,30,2022-07-16 19:33:20,681,1.0,20126.0,1364.0,13990.0,990.0,1,1,1
200402,30,2022-07-16 19:33:20,680,1.0,20126.0,1364.0,13990.0,990.0,1,1,1
200405,30,2022-07-16 19:33:20,13268,1.0,20125.0,1364.0,13990.0,990.0,1,1,1
200407,30,2022-07-16 19:33:20,680,1.0,20125.0,1363.0,13990.0,990.0,1,1,1
200408,30,2022-07-16 19:33:20,13098,1.0,,,,,0,0,0
200410,30,2022-07-16 19:33:20,681,1.0,20124.0,1363.0,13990.0,990.0,1,1,1
200303,30,2022-07-16 19:33:20,680,1.0,20042.0,1377.0,13990.0,-90.0,1,1,1
200151,30,2022-07-16 19:33:20,13266,1.0,2017.0,1367.0,13990.0,960.0,1,1,0
200153,30,2022-07-16 19:33:20,843,0.0,13.0,0.0,0.0,930.0,0,0,0
200155,30,2022-07-16 19:33:20,842,0.0,13.0,0.0,0.0,880.0,0,0,0
200157,30,2022-07-16 19:33:20,1331,0.0,13.0,0.0,0.0,830.0,0,0,0
200159,30,2022-07-16 19:33:20,843,0.0,13.0,0.0,0.0,760.0,0,0,0
200148,30,2022-07-16 19:33:20,680,1.0,2020.0,1369.0,13990.0,960.0,1,1,0
200163,30,2022-07-16 19:33:20,844,0.0,13.0,0.0,0.0,630.0,0,0,0
200165,30,2022-07-16 19:33:20,843,0.0,13.0,0.0,0.0,550.0,0,0,0
200167,30,2022-07-16 19:33:20,843,0.0,13.0,0.0,0.0,490.0,0,0,0
200169,30,2022-07-16 19:33:20,842,0.0,13.0,0.0,0.0,410.0,0,0,0
200171,30,2022-07-16 19:33:20,844,0.0,13.0,0.0,0.0,350.0,0,0,0
200161,30,2022-07-16 19:33:20,843,0.0,13.0,0.0,0.0,690.0,0,0,0
200146,30,2022-07-16 19:33:20,901,0.0,13.0,0.0,6880.0,950.0,0,0,0
200144,30,2022-07-16 19:33:20,844,0.0,13.0,0.0,0.0,960.0,0,0,0
200116,30,2022-07-16 19:33:20,681,1.0,20136.0,1364.0,13990.0,990.0,1,1,1
200118,30,2022-07-16 19:33:20,682,1.0,20132.0,1364.0,13990.0,990.0,1,1,1
200120,30,2022-07-16 19:33:20,682,1.0,20135.0,1364.0,13990.0,990.0,1,1,1
200125,30,2022-07-16 19:33:20,13268,1.0,20132.0,1364.0,13990.0,990.0,1,1,1
200127,30,2022-07-16 19:33:20,684,1.0,20134.0,1364.0,13990.0,990.0,1,1,1
200128,30,2022-07-16 19:33:20,13114,1.0,,,,,0,0,0
200130,30,2022-07-16 19:33:20,681,1.0,20133.0,1364.0,13990.0,990.0,1,1,1
200132,30,2022-07-16 19:33:20,682,1.0,20134.0,1364.0,13990.0,990.0,1,1,1
200134,30,2022-07-16 19:33:20,902,0.0,13.0,0.0,6880.0,950.0,0,0,0
200136,30,2022-07-16 19:33:20,686,1.0,20196.0,1368.0,13990.0,970.0,1,1,1
200138,30,2022-07-16 19:33:20,13712,1.0,20167.0,1367.0,13990.0,970.0,1,1,1
200140,30,2022-07-16 19:33:20,681,1.0,20156.0,1366.0,13990.0,980.0,1,1,1
200142,30,2022-07-16 19:33:20,681,1.0,20154.0,1366.0,13990.0,980.0,1,1,1
200173,30,2022-07-16 19:33:20,851,0.0,13.0,0.0,0.0,290.0,0,0,0
200217,30,2022-07-16 19:33:20,883,0.0,13.0,0.0,0.0,-150.0,0,0,0
200219,30,2022-07-16 19:33:20,841,0.0,13.0,0.0,0.0,-150.0,0,0,0
200221,30,2022-07-16 19:33:20,842,0.0,13.0,0.0,0.0,-170.0,0,0,0
200223,30,2022-07-16 19:33:20,841,0.0,13.0,0.0,0.0,-170.0,0,0,0
200225,30,2022-07-16 19:33:20,844,0.0,13.0,0.0,0.0,-170.0,0,0,0
200229,30,2022-07-16 19:33:20,843,0.0,13.0,0.0,0.0,-170.0,0,0,0
200237,30,2022-07-16 19:33:20,869,0.0,13.0,0.0,0.0,-170.0,0,0,0
200175,30,2022-07-16 19:33:20,841,0.0,13.0,0.0,0.0,250.0,0,0,0
200247,30,2022-07-16 19:33:20,885,0.0,13.0,0.0,0.0,-170.0,0,0,0
200249,30,2022-07-16 19:33:20,846,0.0,13.0,0.0,0.0,-170.0,0,0,0
200277,30,2022-07-16 19:33:20,883,0.0,13.0,0.0,0.0,-170.0,0,0,0
200283,30,2022-07-16 19:33:20,841,0.0,13.0,0.0,0.0,-160.0,0,0,0
200285,30,2022-07-16 19:33:20,679,1.0,20285.0,1384.0,13990.0,-140.0,1,1,1
200287,30,2022-07-16 19:33:20,680,1.0,20343.0,1387.0,13990.0,-140.0,1,1,1
200289,30,2022-07-16 19:33:20,680,1.0,19755.0,1394.0,13990.0,-140.0,1,1,1
200207,30,2022-07-16 19:33:20,842,0.0,13.0,0.0,0.0,-150.0,0,0,0
200177,30,2022-07-16 19:33:20,842,0.0,13.0,0.0,0.0,190.0,0,0,0
200205,30,2022-07-16 19:33:20,842,0.0,13.0,0.0,0.0,-130.0,0,0,0
200179,30,2022-07-16 19:33:20,842,0.0,13.0,0.0,0.0,140.0,0,0,0
200181,30,2022-07-16 19:33:20,843,0.0,13.0,0.0,0.0,110.0,0,0,0
200183,30,2022-07-16 19:33:20,842,0.0,13.0,0.0,0.0,60.0,0,0,0
200185,30,2022-07-16 19:33:20,842,0.0,13.0,0.0,0.0,30.0,0,0,0
200187,30,2022-07-16 19:33:20,927,0.0,13.0,0.0,0.0,0.0,0,0,0
200189,30,2022-07-16 19:33:20,841,0.0,13.0,0.0,0.0,-20.0,0,0,0
200199,30,2022-07-16 19:33:20,843,0.0,13.0,0.0,0.0,-120.0,0,0,0
200197,30,2022-07-16 19:33:20,842,0.0,13.0,0.0,0.0,-90.0,0,0,0
200201,30,2022-07-16 19:33:20,841,0.0,13.0,0.0,0.0,-120.0,0,0,0
200193,30,2022-07-16 19:33:20,841,0.0,13.0,0.0,0.0,-70.0,0,0,0
200191,30,2022-07-16 19:33:20,842,0.0,13.0,0.0,0.0,-50.0,0,0,0
200195,30,2022-07-16 19:33:20,843,0.0,13.0,0.0,0.0,-90.0,0,0,0
200689,30,2022-07-16 22:20:00,682,1.0,20127.0,1364.0,13990.0,990.0,1,1,1
200676,30,2022-07-16 22:20:00,681,1.0,20121.0,1364.0,13990.0,970.0,1,1,1
200678,30,2022-07-16 22:20:00,684,1.0,20121.0,1364.0,13990.0,990.0,1,1,1
200680,30,2022-07-16 22:20:00,682,1.0,20123.0,1364.0,13990.0,990.0,1,1,1
200682,30,2022-07-16 22:20:00,682,1.0,20124.0,1364.0,13990.0,990.0,1,1,1
200684,30,2022-07-16 22:20:00,681,1.0,20126.0,1364.0,13990.0,990.0,1,1,1
200687,30,2022-07-16 22:20:00,13266,1.0,20127.0,1364.0,13990.0,990.0,1,1,1
200690,30,2022-07-16 22:20:00,13099,1.0,,,,,0,0,0
200692,30,2022-07-16 22:20:00,682,1.0,2013.0,1364.0,13990.0,990.0,1,1,0
200696,30,2022-07-16 22:20:00,872,0.0,13.0,0.0,0.0,950.0,0,0,0
200698,30,2022-07-16 22:20:00,681,1.0,20188.0,1368.0,13990.0,970.0,1,1,1
200700,30,2022-07-16 22:20:00,13712,1.0,20162.0,1367.0,13990.0,970.0,1,1,1
200702,30,2022-07-16 22:20:00,681,1.0,20148.0,1366.0,13990.0,980.0,1,1,1
200704,30,2022-07-16 22:20:00,682,1.0,20144.0,1366.0,13990.0,960.0,1,1,1
200674,30,2022-07-16 22:20:00,13268,1.0,20121.0,1363.0,13990.0,970.0,1,1,1
200638,30,2022-07-16 22:20:00,13101,1.0,,,,,0,0,0
200706,30,2022-07-16 22:20:00,843,0.0,13.0,0.0,0.0,960.0,0,0,0
200640,30,2022-07-16 22:20:00,681,1.0,2011.0,1364.0,13990.0,950.0,1,1,0
200642,30,2022-07-16 22:20:00,681,1.0,20111.0,1364.0,13990.0,950.0,1,1,1
200644,30,2022-07-16 22:20:00,681,1.0,20114.0,1364.0,13990.0,950.0,1,1,1
200646,30,2022-07-16 22:20:00,682,1.0,20115.0,1364.0,13990.0,950.0,1,1,1
200648,30,2022-07-16 22:20:00,13266,1.0,20116.0,1364.0,13990.0,970.0,1,1,1
200672,30,2022-07-16 22:20:00,679,1.0,20118.0,1363.0,13990.0,970.0,1,1,1
200650,30,2022-07-16 22:20:00,681,1.0,20119.0,1364.0,13990.0,970.0,1,1,1
200652,30,2022-07-16 22:20:00,681,1.0,20116.0,1364.0,13990.0,970.0,1,1,1
200654,30,2022-07-16 22:20:00,682,1.0,20119.0,1364.0,13990.0,970.0,1,1,1
200656,30,2022-07-16 22:20:00,682,1.0,20116.0,1364.0,13990.0,970.0,1,1,1
200658,30,2022-07-16 22:20:00,681,1.0,20117.0,1364.0,13990.0,970.0,1,1,1
200661,30,2022-07-16 22:20:00,13267,1.0,20116.0,1363.0,13990.0,970.0,1,1,1
200666,30,2022-07-16 22:20:00,680,1.0,20116.0,1363.0,13990.0,970.0,1,1,1
200668,30,2022-07-16 22:20:00,680,1.0,20117.0,1363.0,13990.0,970.0,1,1,1
200747,30,2022-07-16 22:20:00,842,0.0,13.0,0.0,0.0,30.0,0,0,0
200749,30,2022-07-16 22:20:00,883,0.0,13.0,0.0,0.0,,0,0,0
200751,30,2022-07-16 22:20:00,841,0.0,13.0,0.0,0.0,-40.0,0,0,0
200753,30,2022-07-16 22:20:00,841,0.0,13.0,0.0,0.0,-60.0,0,0,0
200755,30,2022-07-16 22:20:00,843,0.0,13.0,0.0,0.0,-60.0,0,0,0
200743,30,2022-07-16 22:20:00,843,0.0,13.0,0.0,0.0,110.0,0,0,0
200765,30,2022-07-16 22:20:00,844,0.0,13.0,0.0,0.0,-120.0,0,0,0
200767,30,2022-07-16 22:20:00,842,0.0,13.0,0.0,0.0,-140.0,0,0,0
200769,30,2022-07-16 22:20:00,841,0.0,13.0,0.0,0.0,-140.0,0,0,0
200777,30,2022-07-16 22:20:00,841,0.0,13.0,0.0,0.0,-160.0,0,0,0
200779,30,2022-07-16 22:20:00,884,0.0,13.0,0.0,0.0,-160.0,0,0,0
200637,30,2022-07-16 22:20:00,682,1.0,20107.0,1364.0,13990.0,950.0,1,1,1
200759,30,2022-07-16 22:20:00,843,0.0,13.0,0.0,0.0,-90.0,0,0,0
200739,30,2022-07-16 22:20:00,842,0.0,13.0,0.0,0.0,190.0,0,0,0
200710,30,2022-07-16 22:20:00,680,1.0,20197.0,1369.0,13990.0,960.0,1,1,1
200713,30,2022-07-16 22:20:00,13266,1.0,20166.0,1367.0,13990.0,960.0,1,1,1
200715,30,2022-07-16 22:20:00,843,0.0,13.0,0.0,0.0,930.0,0,0,0
200717,30,2022-07-16 22:20:00,842,0.0,13.0,0.0,0.0,880.0,0,0,0
200719,30,2022-07-16 22:20:00,1326,0.0,13.0,0.0,0.0,830.0,0,0,0
200721,30,2022-07-16 22:20:00,842,0.0,13.0,0.0,0.0,760.0,0,0,0
200723,30,2022-07-16 22:20:00,842,0.0,13.0,0.0,0.0,690.0,0,0,0
200725,30,2022-07-16 22:20:00,843,0.0,13.0,0.0,0.0,630.0,0,0,0
200727,30,2022-07-16 22:20:00,841,0.0,13.0,0.0,0.0,550.0,0,0,0
200729,30,2022-07-16 22:20:00,841,0.0,13.0,0.0,0.0,470.0,0,0,0
200731,30,2022-07-16 22:20:00,841,0.0,13.0,0.0,0.0,410.0,0,0,0
200733,30,2022-07-16 22:20:00,841,0.0,13.0,0.0,0.0,350.0,0,0,0
200737,30,2022-07-16 22:20:00,841,0.0,13.0,0.0,0.0,240.0,0,0,0
200708,30,2022-07-16 22:20:00,872,0.0,13.0,0.0,0.0,930.0,0,0,0
200479,30,2022-07-16 22:20:00,842,0.0,13.0,0.0,0.0,-90.0,0,0,0
200481,30,2022-07-16 22:20:00,841,0.0,13.0,0.0,0.0,-120.0,0,0,0
200483,30,2022-07-16 22:20:00,842,0.0,13.0,0.0,0.0,-120.0,0,0,0
200485,30,2022-07-16 22:20:00,843,0.0,13.0,0.0,0.0,-120.0,0,0,0
200487,30,2022-07-16 22:20:00,841,0.0,13.0,0.0,0.0,-130.0,0,0,0
200489,30,2022-07-16 22:20:00,842,0.0,13.0,0.0,0.0,-150.0,0,0,0
200491,30,2022-07-16 22:20:00,841,0.0,13.0,0.0,0.0,-150.0,0,0,0
200499,30,2022-07-16 22:20:00,882,0.0,13.0,0.0,0.0,-150.0,0,0,0
200505,30,2022-07-16 22:20:00,840,0.0,13.0,0.0,0.0,-170.0,0,0,0
200507,30,2022-07-16 22:20:00,842,0.0,13.0,0.0,0.0,-170.0,0,0,0
200509,30,2022-07-16 22:20:00,851,0.0,13.0,0.0,0.0,-170.0,0,0,0
200515,30,2022-07-16 22:20:00,841,0.0,13.0,0.0,0.0,-170.0,0,0,0
200519,30,2022-07-16 22:20:00,854,0.0,13.0,0.0,0.0,-170.0,0,0,0
200525,30,2022-07-16 22:20:00,843,0.0,13.0,0.0,0.0,-170.0,0,0,0
200529,30,2022-07-16 22:20:00,884,0.0,13.0,0.0,0.0,-170.0,0,0,0
200559,30,2022-07-16 22:20:00,883,0.0,13.0,0.0,0.0,-170.0,0,0,0
200477,30,2022-07-16 22:20:00,841,0.0,13.0,0.0,0.0,-90.0,0,0,0
200475,30,2022-07-16 22:20:00,842,0.0,13.0,0.0,0.0,-70.0,0,0,0
200449,30,2022-07-16 22:20:00,843,0.0,13.0,0.0,0.0,410.0,0,0,0
200451,30,2022-07-16 22:20:00,842,0.0,13.0,0.0,0.0,350.0,0,0,0
200453,30,2022-07-16 22:20:00,842,0.0,13.0,0.0,0.0,300.0,0,0,0
200635,30,2022-07-16 22:20:00,13269,1.0,20102.0,1364.0,13990.0,950.0,1,1,1
200455,30,2022-07-16 22:20:00,841,0.0,13.0,0.0,0.0,250.0,0,0,0
200457,30,2022-07-16 22:20:00,841,0.0,13.0,0.0,0.0,190.0,0,0,0
200459,30,2022-07-16 22:20:00,841,0.0,13.0,0.0,0.0,140.0,0,0,0
200461,30,2022-07-16 22:20:00,842,0.0,13.0,0.0,0.0,110.0,0,0,0
200463,30,2022-07-16 22:20:00,842,0.0,13.0,0.0,0.0,50.0,0,0,0
200465,30,2022-07-16 22:20:00,2862,0.0,13.0,0.0,0.0,30.0,0,0,0
200467,30,2022-07-16 22:20:00,882,0.0,13.0,0.0,0.0,0.0,0,0,0
200471,30,2022-07-16 22:20:00,841,0.0,13.0,0.0,0.0,-30.0,0,0,0
200473,30,2022-07-16 22:20:00,841,0.0,13.0,0.0,0.0,-50.0,0,0,0
200606,30,2022-07-16 22:20:00,681,1.0,19962.0,1366.0,13990.0,630.0,1,1,1
200609,30,2022-07-16 22:20:00,13300,1.0,19986.0,1365.0,13990.0,710.0,1,1,1
200611,30,2022-07-16 22:20:00,680,1.0,2001.0,1365.0,13990.0,750.0,1,1,0
200614,30,2022-07-16 22:20:00,681,1.0,20025.0,1365.0,13990.0,790.0,1,1,1
200616,30,2022-07-16 22:20:00,680,1.0,20038.0,1365.0,13990.0,830.0,1,1,1
200618,30,2022-07-16 22:20:00,679,1.0,20047.0,1365.0,13990.0,850.0,1,1,1
200620,30,2022-07-16 22:20:00,680,1.0,20056.0,1365.0,13990.0,870.0,1,1,1
200622,30,2022-07-16 22:20:00,13267,1.0,20063.0,1364.0,13990.0,870.0,1,1,1
200624,30,2022-07-16 22:20:00,682,1.0,20072.0,1364.0,13990.0,890.0,1,1,1
200626,30,2022-07-16 22:20:00,682,1.0,2008.0,1364.0,13990.0,910.0,1,1,0
200630,30,2022-07-16 22:20:00,681,1.0,20093.0,1364.0,13990.0,930.0,1,1,1
200632,30,2022-07-16 22:20:00,681,1.0,20101.0,1364.0,13990.0,930.0,1,1,1
200565,30,2022-07-16 22:20:00,840,0.0,13.0,0.0,0.0,-150.0,0,0,0
200604,30,2022-07-16 22:20:00,681,1.0,19936.0,1366.0,13990.0,550.0,1,1,1
200628,30,2022-07-16 22:20:00,682,1.0,20084.0,1364.0,13990.0,930.0,1,1,1
200602,30,2022-07-16 22:20:00,679,1.0,19913.0,1367.0,13990.0,450.0,1,1,1
200569,30,2022-07-16 22:20:00,680,1.0,20348.0,1387.0,13990.0,-130.0,1,1,1
200571,30,2022-07-16 22:20:00,679,1.0,20056.0,1395.0,13990.0,-130.0,1,1,1
200577,30,2022-07-16 22:20:00,843,0.0,13.0,0.0,0.0,-150.0,0,0,0
200585,30,2022-07-16 22:20:00,679,1.0,20047.0,1377.0,13990.0,-90.0,1,1,1
200586,30,2022-07-16 22:20:00,13100,1.0,,,,,0,0,0
200588,30,2022-07-16 22:20:00,679,1.0,19952.0,1374.0,13990.0,-50.0,1,1,1
200590,30,2022-07-16 22:20:00,680,1.0,19909.0,1372.0,13990.0,,1,1,1
200592,30,2022-07-16 22:20:00,680,1.0,19891.0,1371.0,13990.0,50.0,1,1,1
200600,30,2022-07-16 22:20:00,680,1.0,19892.0,1367.0,13990.0,350.0,1,1,1
200598,30,2022-07-16 22:20:00,681,1.0,19879.0,1368.0,13990.0,270.0,1,1,1
200567,30,2022-07-16 22:20:00,680,1.0,20289.0,1384.0,13990.0,-130.0,1,1,1
200596,30,2022-07-16 22:20:00,13267,1.0,19871.0,1369.0,13990.0,190.0,1,1,1
200594,30,2022-07-16 22:20:00,681,1.0,19875.0,1370.0,13990.0,110.0,1,1,1
201005,30,2022-07-17 01:06:40,843,0.0,13.0,0.0,0.0,630.0,0,0,0
200986,30,2022-07-17 01:06:40,843,0.0,13.0,0.0,0.0,960.0,0,0,0
200988,30,2022-07-17 01:06:40,842,0.0,13.0,0.0,0.0,930.0,0,0,0
200990,30,2022-07-17 01:06:40,682,1.0,2021.0,1369.0,13990.0,960.0,1,1,0
200993,30,2022-07-17 01:06:40,13266,1.0,20166.0,1367.0,13990.0,960.0,1,1,1
200995,30,2022-07-17 01:06:40,843,0.0,13.0,0.0,0.0,910.0,0,0,0
200997,30,2022-07-17 01:06:40,842,0.0,13.0,0.0,0.0,880.0,0,0,0
201001,30,2022-07-17 01:06:40,842,0.0,13.0,0.0,0.0,760.0,0,0,0
200984,30,2022-07-17 01:06:40,682,1.0,20148.0,1366.0,13990.0,960.0,1,1,1
201003,30,2022-07-17 01:06:40,842,0.0,13.0,0.0,0.0,690.0,0,0,0
200999,30,2022-07-17 01:06:40,1326,0.0,13.0,0.0,0.0,850.0,0,0,0
200982,30,2022-07-17 01:06:40,681,1.0,20151.0,1366.0,13990.0,980.0,1,1,1
200954,30,2022-07-17 01:06:40,13269,1.0,20126.0,1364.0,13990.0,970.0,1,1,1
200956,30,2022-07-17 01:06:40,682,1.0,20129.0,1364.0,13990.0,970.0,1,1,1
200958,30,2022-07-17 01:06:40,683,1.0,20129.0,1364.0,13990.0,990.0,1,1,1
200960,30,2022-07-17 01:06:40,683,1.0,20128.0,1364.0,13990.0,990.0,1,1,1
200962,30,2022-07-17 01:06:40,682,1.0,20129.0,1364.0,13990.0,990.0,1,1,1
200964,30,2022-07-17 01:06:40,681,1.0,20131.0,1364.0,13990.0,990.0,1,1,1
200967,30,2022-07-17 01:06:40,13274,1.0,20133.0,1364.0,13990.0,990.0,1,1,1
200969,30,2022-07-17 01:06:40,682,1.0,20131.0,1364.0,13990.0,990.0,1,1,1
200976,30,2022-07-17 01:06:40,843,0.0,13.0,0.0,0.0,950.0,0,0,0
200978,30,2022-07-17 01:06:40,681,1.0,20202.0,1368.0,13990.0,970.0,1,1,1
200980,30,2022-07-17 01:06:40,13713,1.0,20166.0,1367.0,13990.0,970.0,1,1,1
201007,30,2022-07-17 01:06:40,841,0.0,13.0,0.0,0.0,550.0,0,0,0
201035,30,2022-07-17 01:06:40,840,0.0,13.0,0.0,0.0,-50.0,0,0,0
201009,30,2022-07-17 01:06:40,853,0.0,13.0,0.0,0.0,490.0,0,0,0
201037,30,2022-07-17 01:06:40,841,0.0,13.0,0.0,0.0,-70.0,0,0,0
201039,30,2022-07-17 01:06:40,842,0.0,13.0,0.0,0.0,-100.0,0,0,0
201043,30,2022-07-17 01:06:40,842,0.0,13.0,0.0,0.0,-120.0,0,0,0
201047,30,2022-07-17 01:06:40,841,0.0,13.0,0.0,0.0,-140.0,0,0,0
201049,30,2022-07-17 01:06:40,842,0.0,13.0,0.0,0.0,-140.0,0,0,0
201053,30,2022-07-17 01:06:40,843,0.0,13.0,0.0,0.0,-140.0,0,0,0
201059,30,2022-07-17 01:06:40,882,0.0,13.0,0.0,0.0,-160.0,0,0,0
201063,30,2022-07-17 01:06:40,844,0.0,13.0,0.0,0.0,-160.0,0,0,0
201067,30,2022-07-17 01:06:40,841,0.0,13.0,0.0,0.0,-160.0,0,0,0
201071,30,2022-07-17 01:06:40,843,0.0,13.0,0.0,0.0,-160.0,0,0,0
201109,30,2022-07-17 01:06:40,865,0.0,13.0,0.0,0.0,-180.0,0,0,0
200950,30,2022-07-17 01:06:40,681,1.0,20127.0,1364.0,13990.0,970.0,1,1,1
201119,30,2022-07-17 01:06:40,884,0.0,13.0,0.0,0.0,-180.0,0,0,0
201115,30,2022-07-17 01:06:40,844,0.0,13.0,0.0,0.0,-180.0,0,0,0
201033,30,2022-07-17 01:06:40,842,0.0,13.0,0.0,0.0,-50.0,0,0,0
201031,30,2022-07-17 01:06:40,841,0.0,13.0,0.0,0.0,-20.0,0,0,0
201011,30,2022-07-17 01:06:40,841,0.0,13.0,0.0,0.0,410.0,0,0,0
201013,30,2022-07-17 01:06:40,843,0.0,13.0,0.0,0.0,350.0,0,0,0
201015,30,2022-07-17 01:06:40,841,0.0,13.0,0.0,0.0,300.0,0,0,0
201017,30,2022-07-17 01:06:40,843,0.0,13.0,0.0,0.0,250.0,0,0,0
201019,30,2022-07-17 01:06:40,843,0.0,13.0,0.0,0.0,190.0,0,0,0
201021,30,2022-07-17 01:06:40,841,0.0,13.0,0.0,0.0,140.0,0,0,0
201023,30,2022-07-17 01:06:40,842,0.0,13.0,0.0,0.0,110.0,0,0,0
201025,30,2022-07-17 01:06:40,842,0.0,13.0,0.0,0.0,80.0,0,0,0
201027,30,2022-07-17 01:06:40,842,0.0,13.0,0.0,0.0,30.0,0,0,0
201029,30,2022-07-17 01:06:40,884,0.0,13.0,0.0,0.0,0.0,0,0,0
200946,30,2022-07-17 01:06:40,682,1.0,20126.0,1364.0,13990.0,970.0,1,1,1
200943,30,2022-07-17 01:06:40,680,1.0,20125.0,1364.0,13990.0,970.0,1,1,1
200863,30,2022-07-17 01:06:40,844,0.0,13.0,0.0,0.0,-150.0,0,0,0
200865,30,2022-07-17 01:06:40,680,1.0,20047.0,1377.0,13990.0,-90.0,1,1,1
200866,30,2022-07-17 01:06:40,13098,1.0,,,,,0,0,0
200868,30,2022-07-17 01:06:40,680,1.0,1995.0,1374.0,13990.0,-50.0,1,1,0
200870,30,2022-07-17 01:06:40,680,1.0,19907.0,1372.0,13990.0,,1,1,1
200872,30,2022-07-17 01:06:40,678,1.0,19888.0,1370.0,13990.0,50.0,1,1,1
200874,30,2022-07-17 01:06:40,681,1.0,19872.0,1370.0,13990.0,110.0,1,1,1
200876,30,2022-07-17 01:06:40,13265,1.0,19873.0,1369.0,13990.0,210.0,1,1,1
200878,30,2022-07-17 01:06:40,680,1.0,19881.0,1368.0,13990.0,270.0,1,1,1
200880,30,2022-07-17 01:06:40,680,1.0,19894.0,1367.0,13990.0,350.0,1,1,1
200855,30,2022-07-17 01:06:40,842,0.0,13.0,0.0,0.0,-150.0,0,0,0
200851,30,2022-07-17 01:06:40,679,1.0,19782.0,1395.0,13990.0,-130.0,1,1,1
200944,30,2022-07-17 01:06:40,13099,1.0,,,,,0,0,0
200787,30,2022-07-17 01:06:40,842,0.0,13.0,0.0,0.0,-160.0,0,0,0
200791,30,2022-07-17 01:06:40,841,0.0,13.0,0.0,0.0,-180.0,0,0,0
200793,30,2022-07-17 01:06:40,842,0.0,13.0,0.0,0.0,-180.0,0,0,0
200799,30,2022-07-17 01:06:40,867,0.0,13.0,0.0,0.0,-180.0,0,0,0
200809,30,2022-07-17 01:06:40,883,0.0,13.0,0.0,0.0,-180.0,0,0,0
200825,30,2022-07-17 01:06:40,843,0.0,13.0,0.0,0.0,-180.0,0,0,0
200845,30,2022-07-17 01:06:40,841,0.0,13.0,0.0,0.0,-150.0,0,0,0
200847,30,2022-07-17 01:06:40,679,1.0,20291.0,1385.0,13990.0,-130.0,1,1,1
200849,30,2022-07-17 01:06:40,680,1.0,20355.0,1388.0,13990.0,-130.0,1,1,1
200882,30,2022-07-17 01:06:40,679,1.0,19914.0,1367.0,13990.0,450.0,1,1,1
200884,30,2022-07-17 01:06:40,682,1.0,1994.0,1366.0,13990.0,550.0,1,1,0
200912,30,2022-07-17 01:06:40,680,1.0,20085.0,1363.0,13990.0,930.0,1,1,1
200915,30,2022-07-17 01:06:40,13267,1.0,20091.0,1363.0,13990.0,950.0,1,1,1
200917,30,2022-07-17 01:06:40,682,1.0,20097.0,1364.0,13990.0,950.0,1,1,1
200920,30,2022-07-17 01:06:40,681,1.0,20103.0,1364.0,13990.0,950.0,1,1,1
200922,30,2022-07-17 01:06:40,681,1.0,20106.0,1364.0,13990.0,950.0,1,1,1
200924,30,2022-07-17 01:06:40,682,1.0,20108.0,1364.0,13990.0,950.0,1,1,1
200926,30,2022-07-17 01:06:40,681,1.0,20111.0,1364.0,13990.0,950.0,1,1,1
200910,30,2022-07-17 01:06:40,680,1.0,20082.0,1363.0,13990.0,930.0,1,1,1
200932,30,2022-07-17 01:06:40,682,1.0,20118.0,1364.0,13990.0,970.0,1,1,1
200934,30,2022-07-17 01:06:40,681,1.0,20121.0,1364.0,13990.0,970.0,1,1,1
200936,30,2022-07-17 01:06:40,681,1.0,20123.0,1364.0,13990.0,970.0,1,1,1
200941,30,2022-07-17 01:06:40,13267,1.0,20124.0,1364.0,13990.0,970.0,1,1,1
200930,30,2022-07-17 01:06:40,682,1.0,20119.0,1364.0,13990.0,970.0,1,1,1
200928,30,2022-07-17 01:06:40,13265,1.0,20116.0,1364.0,13990.0,970.0,1,1,1
200908,30,2022-07-17 01:06:40,681,1.0,20077.0,1363.0,13990.0,930.0,1,1,1
200886,30,2022-07-17 01:06:40,680,1.0,1996.0,1365.0,13990.0,630.0,1,1,0
200889,30,2022-07-17 01:06:40,13266,1.0,19984.0,1365.0,13990.0,710.0,1,1,1
200892,30,2022-07-17 01:06:40,13102,1.0,,,,,0,0,0
200894,30,2022-07-17 01:06:40,682,1.0,20028.0,1364.0,13990.0,810.0,1,1,1
200891,30,2022-07-17 01:06:40,680,1.0,20009.0,1365.0,13990.0,750.0,1,1,1
200896,30,2022-07-17 01:06:40,681,1.0,2004.0,1364.0,13990.0,850.0,1,1,0
200904,30,2022-07-17 01:06:40,698,1.0,20066.0,1364.0,13990.0,890.0,1,1,1
200902,30,2022-07-17 01:06:40,13272,1.0,2006.0,1364.0,13990.0,890.0,1,1,0
200900,30,2022-07-17 01:06:40,681,1.0,20054.0,1364.0,13990.0,870.0,1,1,1
200906,30,2022-07-17 01:06:40,681,1.0,2007.0,1364.0,13990.0,910.0,1,1,0
200898,30,2022-07-17 01:06:40,680,1.0,20049.0,1364.0,13990.0,850.0,1,1,1
201305,30,2022-07-17 03:53:20,874,0.0,13.0,0.0,0.0,190.0,0,0,0
201307,30,2022-07-17 03:53:20,841,0.0,13.0,0.0,0.0,140.0,0,0,0
201309,30,2022-07-17 03:53:20,841,0.0,13.0,0.0,0.0,100.0,0,0,0
201311,30,2022-07-17 03:53:20,844,0.0,13.0,0.0,0.0,50.0,0,0,0
201313,30,2022-07-17 03:53:20,841,0.0,13.0,0.0,0.0,30.0,0,0,0
201315,30,2022-07-17 03:53:20,882,0.0,13.0,0.0,0.0,,0,0,0
201329,30,2022-07-17 03:53:20,841,0.0,13.0,0.0,0.0,-120.0,0,0,0
201317,30,2022-07-17 03:53:20,842,0.0,13.0,0.0,0.0,-40.0,0,0,0
201319,30,2022-07-17 03:53:20,841,0.0,13.0,0.0,0.0,-40.0,0,0,0
201321,30,2022-07-17 03:53:20,841,0.0,13.0,0.0,0.0,-70.0,0,0,0
201323,30,2022-07-17 03:53:20,841,0.0,13.0,0.0,0.0,-90.0,0,0,0
201325,30,2022-07-17 03:53:20,842,0.0,13.0,0.0,0.0,-90.0,0,0,0
201327,30,2022-07-17 03:53:20,844,0.0,13.0,0.0,0.0,-120.0,0,0,0
201303,30,2022-07-17 03:53:20,841,0.0,13.0,0.0,0.0,250.0,0,0,0
201331,30,2022-07-17 03:53:20,842,0.0,13.0,0.0,0.0,-140.0,0,0,0
201270,30,2022-07-17 03:53:20,679,1.0,20204.0,1369.0,13990.0,960.0,1,1,1
201273,30,2022-07-17 03:53:20,13265,1.0,20165.0,1367.0,13990.0,960.0,1,1,1
201277,30,2022-07-17 03:53:20,842,0.0,13.0,0.0,0.0,880.0,0,0,0
201279,30,2022-07-17 03:53:20,2120,0.0,13.0,0.0,0.0,850.0,0,0,0
201301,30,2022-07-17 03:53:20,843,0.0,13.0,0.0,0.0,290.0,0,0,0
201281,30,2022-07-17 03:53:20,844,0.0,13.0,0.0,0.0,760.0,0,0,0
201289,30,2022-07-17 03:53:20,843,0.0,13.0,0.0,0.0,690.0,0,0,0
201291,30,2022-07-17 03:53:20,843,0.0,13.0,0.0,0.0,620.0,0,0,0
201293,30,2022-07-17 03:53:20,846,0.0,13.0,0.0,0.0,550.0,0,0,0
201295,30,2022-07-17 03:53:20,842,0.0,13.0,0.0,0.0,470.0,0,0,0
201297,30,2022-07-17 03:53:20,842,0.0,13.0,0.0,0.0,410.0,0,0,0
201299,30,2022-07-17 03:53:20,841,0.0,13.0,0.0,0.0,350.0,0,0,0
201333,30,2022-07-17 03:53:20,841,0.0,13.0,0.0,0.0,-140.0,0,0,0
201452,30,2022-07-17 03:53:20,682,1.0,19968.0,1366.0,13990.0,630.0,1,1,1
201436,30,2022-07-17 03:53:20,679,1.0,19911.0,1372.0,13990.0,,1,1,1
201438,30,2022-07-17 03:53:20,679,1.0,19889.0,1371.0,13990.0,50.0,1,1,1
201440,30,2022-07-17 03:53:20,679,1.0,19876.0,1370.0,13990.0,110.0,1,1,1
201442,30,2022-07-17 03:53:20,13265,1.0,19872.0,1369.0,13990.0,210.0,1,1,1
201444,30,2022-07-17 03:53:20,681,1.0,19879.0,1368.0,13990.0,270.0,1,1,1
201446,30,2022-07-17 03:53:20,680,1.0,19897.0,1368.0,13990.0,350.0,1,1,1
201450,30,2022-07-17 03:53:20,680,1.0,19941.0,1366.0,13990.0,550.0,1,1,1
201268,30,2022-07-17 03:53:20,843,0.0,13.0,0.0,0.0,930.0,0,0,0
201455,30,2022-07-17 03:53:20,13267,1.0,1999.0,1366.0,13990.0,710.0,1,1,0
201457,30,2022-07-17 03:53:20,680,1.0,20015.0,1365.0,13990.0,750.0,1,1,1
201460,30,2022-07-17 03:53:20,681,1.0,20028.0,1365.0,13990.0,790.0,1,1,1
201462,30,2022-07-17 03:53:20,680,1.0,2004.0,1365.0,13990.0,830.0,1,1,0
201448,30,2022-07-17 03:53:20,679,1.0,19916.0,1367.0,13990.0,450.0,1,1,1
201335,30,2022-07-17 03:53:20,882,0.0,13.0,0.0,0.0,-140.0,0,0,0
201434,30,2022-07-17 03:53:20,680,1.0,19955.0,1374.0,13990.0,-50.0,1,1,1
201431,30,2022-07-17 03:53:20,687,1.0,20045.0,1377.0,13990.0,-90.0,1,1,1
201345,30,2022-07-17 03:53:20,884,0.0,13.0,0.0,0.0,-160.0,0,0,0
201351,30,2022-07-17 03:53:20,843,0.0,13.0,0.0,0.0,-160.0,0,0,0
201353,30,2022-07-17 03:53:20,844,0.0,13.0,0.0,0.0,-160.0,0,0,0
201359,30,2022-07-17 03:53:20,842,0.0,13.0,0.0,0.0,-180.0,0,0,0
201363,30,2022-07-17 03:53:20,843,0.0,13.0,0.0,0.0,-180.0,0,0,0
201371,30,2022-07-17 03:53:20,841,0.0,13.0,0.0,0.0,-180.0,0,0,0
201375,30,2022-07-17 03:53:20,882,0.0,13.0,0.0,0.0,-180.0,0,0,0
201395,30,2022-07-17 03:53:20,862,0.0,13.0,0.0,0.0,-180.0,0,0,0
201405,30,2022-07-17 03:53:20,883,0.0,13.0,0.0,0.0,-180.0,0,0,0
201411,30,2022-07-17 03:53:20,841,0.0,13.0,0.0,0.0,-160.0,0,0,0
201413,30,2022-07-17 03:53:20,680,1.0,20286.0,1385.0,13990.0,-140.0,1,1,1
201415,30,2022-07-17 03:53:20,679,1.0,20345.0,1387.0,13990.0,-140.0,1,1,1
201417,30,2022-07-17 03:53:20,679,1.0,19783.0,1395.0,13990.0,-140.0,1,1,1
201427,30,2022-07-17 03:53:20,844,0.0,13.0,0.0,0.0,-150.0,0,0,0
201401,30,2022-07-17 03:53:20,844,0.0,13.0,0.0,0.0,-180.0,0,0,0
201266,30,2022-07-17 03:53:20,842,0.0,13.0,0.0,0.0,960.0,0,0,0
201275,30,2022-07-17 03:53:20,844,0.0,13.0,0.0,0.0,930.0,0,0,0
201264,30,2022-07-17 03:53:20,681,1.0,20141.0,1365.0,13990.0,980.0,1,1,1
201160,30,2022-07-17 03:53:20,680,1.0,19889.0,1367.0,13990.0,350.0,1,1,1
201162,30,2022-07-17 03:53:20,679,1.0,19908.0,1367.0,13990.0,450.0,1,1,1
201164,30,2022-07-17 03:53:20,681,1.0,19932.0,1366.0,13990.0,550.0,1,1,1
201166,30,2022-07-17 03:53:20,680,1.0,19959.0,1366.0,13990.0,630.0,1,1,1
201169,30,2022-07-17 03:53:20,13266,1.0,19986.0,1365.0,13990.0,710.0,1,1,1
201171,30,2022-07-17 03:53:20,679,1.0,20009.0,1365.0,13990.0,750.0,1,1,1
201172,30,2022-07-17 03:53:20,13100,1.0,,,,,0,0,0
201174,30,2022-07-17 03:53:20,680,1.0,20026.0,1365.0,13990.0,790.0,1,1,1
201176,30,2022-07-17 03:53:20,680,1.0,20037.0,1365.0,13990.0,830.0,1,1,1
201178,30,2022-07-17 03:53:20,680,1.0,2005.0,1365.0,13990.0,850.0,1,1,0
201180,30,2022-07-17 03:53:20,680,1.0,20056.0,1365.0,13990.0,870.0,1,1,1
201182,30,2022-07-17 03:53:20,13266,1.0,20063.0,1364.0,13990.0,870.0,1,1,1
201184,30,2022-07-17 03:53:20,682,1.0,20074.0,1364.0,13990.0,890.0,1,1,1
201158,30,2022-07-17 03:53:20,680,1.0,19872.0,1368.0,13990.0,270.0,1,1,1
201156,30,2022-07-17 03:53:20,13288,1.0,19864.0,1368.0,13990.0,190.0,1,1,1
201125,30,2022-07-17 03:53:20,842,0.0,13.0,0.0,0.0,-160.0,0,0,0
201127,30,2022-07-17 03:53:20,679,1.0,20292.0,1385.0,13990.0,-140.0,1,1,1
201129,30,2022-07-17 03:53:20,679,1.0,20344.0,1387.0,13990.0,-140.0,1,1,1
201131,30,2022-07-17 03:53:20,679,1.0,19905.0,1395.0,13990.0,-130.0,1,1,1
201133,30,2022-07-17 03:53:20,841,0.0,13.0,0.0,0.0,-150.0,0,0,0
201135,30,2022-07-17 03:53:20,842,0.0,13.0,0.0,0.0,-150.0,0,0,0
201186,30,2022-07-17 03:53:20,681,1.0,20081.0,1364.0,13990.0,910.0,1,1,1
201139,30,2022-07-17 03:53:20,843,0.0,13.0,0.0,0.0,-150.0,0,0,0
201145,30,2022-07-17 03:53:20,680,1.0,20045.0,1377.0,13990.0,-90.0,1,1,1
201146,30,2022-07-17 03:53:20,13097,1.0,,,,,0,0,0
201148,30,2022-07-17 03:53:20,679,1.0,19943.0,1373.0,13990.0,-50.0,1,1,1
201150,30,2022-07-17 03:53:20,679,1.0,1990.0,1371.0,13990.0,,1,1,0
201152,30,2022-07-17 03:53:20,686,1.0,1988.0,1370.0,13990.0,50.0,1,1,0
201154,30,2022-07-17 03:53:20,680,1.0,19867.0,1369.0,13990.0,110.0,1,1,1
201224,30,2022-07-17 03:53:20,13101,1.0,,,,,0,0,0
201228,30,2022-07-17 03:53:20,682,1.0,2013.0,1364.0,13990.0,970.0,1,1,0
201234,30,2022-07-17 03:53:20,13267,1.0,2013.0,1364.0,13990.0,970.0,1,1,0
201236,30,2022-07-17 03:53:20,715,1.0,2013.0,1364.0,13990.0,990.0,1,1,0
201238,30,2022-07-17 03:53:20,682,1.0,20129.0,1364.0,13990.0,990.0,1,1,1
201240,30,2022-07-17 03:53:20,681,1.0,20129.0,1364.0,13990.0,990.0,1,1,1
201242,30,2022-07-17 03:53:20,681,1.0,20128.0,1364.0,13990.0,990.0,1,1,1
201244,30,2022-07-17 03:53:20,681,1.0,20126.0,1364.0,13990.0,990.0,1,1,1
201247,30,2022-07-17 03:53:20,13271,1.0,20127.0,1364.0,13990.0,990.0,1,1,1
201223,30,2022-07-17 03:53:20,681,1.0,20129.0,1364.0,13990.0,970.0,1,1,1
201254,30,2022-07-17 03:53:20,681,1.0,20125.0,1364.0,13990.0,990.0,1,1,1
201256,30,2022-07-17 03:53:20,843,0.0,13.0,0.0,0.0,960.0,0,0,0
201258,30,2022-07-17 03:53:20,681,1.0,20196.0,1368.0,13990.0,980.0,1,1,1
201262,30,2022-07-17 03:53:20,681,1.0,20142.0,1365.0,13990.0,980.0,1,1,1
201188,30,2022-07-17 03:53:20,682,1.0,20086.0,1364.0,13990.0,930.0,1,1,1
201252,30,2022-07-17 03:53:20,681,1.0,20124.0,1363.0,13990.0,990.0,1,1,1
201260,30,2022-07-17 03:53:20,13712,1.0,20158.0,1366.0,13990.0,980.0,1,1,1
201190,30,2022-07-17 03:53:20,681,1.0,20092.0,1364.0,13990.0,930.0,1,1,1
201221,30,2022-07-17 03:53:20,13266,1.0,20127.0,1364.0,13990.0,970.0,1,1,1
201192,30,2022-07-17 03:53:20,681,1.0,20097.0,1364.0,13990.0,930.0,1,1,1
201197,30,2022-07-17 03:53:20,681,1.0,20105.0,1364.0,13990.0,950.0,1,1,1
201198,30,2022-07-17 03:53:20,13098,1.0,,,,,0,0,0
201200,30,2022-07-17 03:53:20,682,1.0,2011.0,1364.0,13990.0,950.0,1,1,0
201202,30,2022-07-17 03:53:20,681,1.0,20113.0,1364.0,13990.0,950.0,1,1,1
201195,30,2022-07-17 03:53:20,13295,1.0,20101.0,1364.0,13990.0,950.0,1,1,1
201214,30,2022-07-17 03:53:20,682,1.0,20126.0,1364.0,13990.0,970.0,1,1,1
201216,30,2022-07-17 03:53:20,681,1.0,20127.0,1364.0,13990.0,970.0,1,1,1
201204,30,2022-07-17 03:53:20,681,1.0,20115.0,1364.0,13990.0,950.0,1,1,1
201212,30,2022-07-17 03:53:20,682,1.0,20124.0,1364.0,13990.0,970.0,1,1,1
201206,30,2022-07-17 03:53:20,682,1.0,20118.0,1364.0,13990.0,950.0,1,1,1
201210,30,2022-07-17 03:53:20,682,1.0,20122.0,1364.0,13990.0,970.0,1,1,1
201208,30,2022-07-17 03:53:20,13291,1.0,20117.0,1364.0,13990.0,970.0,1,1,1
201712,30,2022-07-17 06:40:00,13098,1.0,,,,,0,0,0
201687,30,2022-07-17 06:40:00,885,0.0,13.0,0.0,0.0,-170.0,0,0,0
201693,30,2022-07-17 06:40:00,844,0.0,13.0,0.0,0.0,-150.0,0,0,0
201681,30,2022-07-17 06:40:00,840,0.0,13.0,0.0,0.0,-170.0,0,0,0
201657,30,2022-07-17 06:40:00,882,0.0,13.0,0.0,0.0,-170.0,0,0,0
201699,30,2022-07-17 06:40:00,680,1.0,19973.0,1395.0,13990.0,-130.0,1,1,1
201697,30,2022-07-17 06:40:00,679,1.0,20332.0,1387.0,13990.0,-130.0,1,1,1
201645,30,2022-07-17 06:40:00,843,0.0,13.0,0.0,0.0,-170.0,0,0,0
201711,30,2022-07-17 06:40:00,679,1.0,20043.0,1377.0,13990.0,-70.0,1,1,1
201716,30,2022-07-17 06:40:00,679,1.0,19911.0,1372.0,13990.0,,1,1,1
201714,30,2022-07-17 06:40:00,680,1.0,19957.0,1374.0,13990.0,-50.0,1,1,1
201695,30,2022-07-17 06:40:00,680,1.0,20285.0,1385.0,13990.0,-130.0,1,1,1
201637,30,2022-07-17 06:40:00,854,0.0,13.0,0.0,0.0,-170.0,0,0,0
201611,30,2022-07-17 06:40:00,842,0.0,13.0,0.0,0.0,-130.0,0,0,0
201631,30,2022-07-17 06:40:00,842,0.0,13.0,0.0,0.0,-170.0,0,0,0
201593,30,2022-07-17 06:40:00,842,0.0,13.0,0.0,0.0,30.0,0,0,0
201595,30,2022-07-17 06:40:00,841,0.0,13.0,0.0,0.0,0.0,0,0,0
201597,30,2022-07-17 06:40:00,881,0.0,13.0,0.0,0.0,-20.0,0,0,0
201599,30,2022-07-17 06:40:00,841,0.0,13.0,0.0,0.0,-50.0,0,0,0
201718,30,2022-07-17 06:40:00,680,1.0,19888.0,1371.0,13990.0,50.0,1,1,1
201601,30,2022-07-17 06:40:00,841,0.0,13.0,0.0,0.0,-70.0,0,0,0
201603,30,2022-07-17 06:40:00,842,0.0,13.0,0.0,0.0,-90.0,0,0,0
201607,30,2022-07-17 06:40:00,855,0.0,13.0,0.0,0.0,-100.0,0,0,0
201609,30,2022-07-17 06:40:00,843,0.0,13.0,0.0,0.0,-130.0,0,0,0
201613,30,2022-07-17 06:40:00,841,0.0,13.0,0.0,0.0,-130.0,0,0,0
201615,30,2022-07-17 06:40:00,842,0.0,13.0,0.0,0.0,-150.0,0,0,0
201623,30,2022-07-17 06:40:00,841,0.0,13.0,0.0,0.0,-150.0,0,0,0
201627,30,2022-07-17 06:40:00,883,0.0,13.0,0.0,0.0,-150.0,0,0,0
201629,30,2022-07-17 06:40:00,841,0.0,13.0,0.0,0.0,-170.0,0,0,0
201635,30,2022-07-17 06:40:00,844,0.0,13.0,0.0,0.0,-170.0,0,0,0
201744,30,2022-07-17 06:40:00,681,1.0,20045.0,1364.0,13990.0,850.0,1,1,1
201752,30,2022-07-17 06:40:00,682,1.0,20072.0,1364.0,13990.0,910.0,1,1,1
201754,30,2022-07-17 06:40:00,700,1.0,20079.0,1364.0,13990.0,930.0,1,1,1
201756,30,2022-07-17 06:40:00,681,1.0,20086.0,1364.0,13990.0,930.0,1,1,1
201761,30,2022-07-17 06:40:00,681,1.0,20096.0,1364.0,13990.0,950.0,1,1,1
201763,30,2022-07-17 06:40:00,681,1.0,20103.0,1364.0,13990.0,950.0,1,1,1
201764,30,2022-07-17 06:40:00,13108,1.0,,,,,0,0,0
201766,30,2022-07-17 06:40:00,681,1.0,20108.0,1364.0,13990.0,950.0,1,1,1
201768,30,2022-07-17 06:40:00,701,1.0,20109.0,1364.0,13990.0,950.0,1,1,1
201789,30,2022-07-17 06:40:00,681,1.0,20132.0,1364.0,13990.0,970.0,1,1,1
201772,30,2022-07-17 06:40:00,681,1.0,2012.0,1364.0,13990.0,950.0,1,1,0
201784,30,2022-07-17 06:40:00,681,1.0,20129.0,1364.0,13990.0,970.0,1,1,1
201782,30,2022-07-17 06:40:00,682,1.0,20128.0,1364.0,13990.0,970.0,1,1,1
201780,30,2022-07-17 06:40:00,681,1.0,20126.0,1364.0,13990.0,970.0,1,1,1
201778,30,2022-07-17 06:40:00,682,1.0,20127.0,1364.0,13990.0,970.0,1,1,1
201776,30,2022-07-17 06:40:00,681,1.0,20124.0,1364.0,13990.0,970.0,1,1,1
201720,30,2022-07-17 06:40:00,680,1.0,19877.0,1370.0,13990.0,110.0,1,1,1
201750,30,2022-07-17 06:40:00,682,1.0,20065.0,1364.0,13990.0,890.0,1,1,1
201748,30,2022-07-17 06:40:00,681,1.0,20061.0,1364.0,13990.0,870.0,1,1,1
201722,30,2022-07-17 06:40:00,680,1.0,19875.0,1369.0,13990.0,190.0,1,1,1
201724,30,2022-07-17 06:40:00,680,1.0,19883.0,1368.0,13990.0,270.0,1,1,1
201726,30,2022-07-17 06:40:00,680,1.0,19894.0,1367.0,13990.0,350.0,1,1,1
201728,30,2022-07-17 06:40:00,679,1.0,19913.0,1367.0,13990.0,450.0,1,1,1
201730,30,2022-07-17 06:40:00,682,1.0,19937.0,1366.0,13990.0,550.0,1,1,1
201732,30,2022-07-17 06:40:00,680,1.0,1996.0,1366.0,13990.0,630.0,1,1,0
201735,30,2022-07-17 06:40:00,680,1.0,19988.0,1365.0,13990.0,710.0,1,1,1
201737,30,2022-07-17 06:40:00,679,1.0,20007.0,1365.0,13990.0,750.0,1,1,1
201738,30,2022-07-17 06:40:00,13100,1.0,,,,,0,0,0
201740,30,2022-07-17 06:40:00,680,1.0,20024.0,1365.0,13990.0,790.0,1,1,1
201742,30,2022-07-17 06:40:00,681,1.0,20036.0,1364.0,13990.0,830.0,1,1,1
201746,30,2022-07-17 06:40:00,681,1.0,2005.0,1364.0,13990.0,870.0,1,1,0
201591,30,2022-07-17 06:40:00,842,0.0,13.0,0.0,0.0,60.0,0,0,0
201589,30,2022-07-17 06:40:00,842,0.0,13.0,0.0,0.0,110.0,0,0,0
201496,30,2022-07-17 06:40:00,681,1.0,20121.0,1364.0,13990.0,970.0,1,1,1
201498,30,2022-07-17 06:40:00,682,1.0,20121.0,1364.0,13990.0,970.0,1,1,1
201500,30,2022-07-17 06:40:00,683,1.0,20122.0,1364.0,13990.0,970.0,1,1,1
201502,30,2022-07-17 06:40:00,683,1.0,20123.0,1364.0,13990.0,970.0,1,1,1
201504,30,2022-07-17 06:40:00,682,1.0,20122.0,1364.0,13990.0,970.0,1,1,1
201507,30,2022-07-17 06:40:00,681,1.0,20123.0,1363.0,13990.0,970.0,1,1,1
201494,30,2022-07-17 06:40:00,13267,1.0,2012.0,1364.0,13990.0,970.0,1,1,0
201510,30,2022-07-17 06:40:00,13097,1.0,,,,,0,0,0
201512,30,2022-07-17 06:40:00,681,1.0,2012.0,1363.0,13990.0,970.0,1,1,0
201516,30,2022-07-17 06:40:00,681,1.0,20123.0,1364.0,13990.0,970.0,1,1,1
201518,30,2022-07-17 06:40:00,682,1.0,20126.0,1364.0,13990.0,970.0,1,1,1
201520,30,2022-07-17 06:40:00,679,1.0,20124.0,1363.0,13990.0,970.0,1,1,1
201522,30,2022-07-17 06:40:00,682,1.0,20127.0,1364.0,13990.0,990.0,1,1,1
201524,30,2022-07-17 06:40:00,681,1.0,20128.0,1364.0,13990.0,990.0,1,1,1
201526,30,2022-07-17 06:40:00,681,1.0,20129.0,1364.0,13990.0,990.0,1,1,1
201528,30,2022-07-17 06:40:00,681,1.0,20131.0,1364.0,13990.0,990.0,1,1,1
201488,30,2022-07-17 06:40:00,681,1.0,20116.0,1364.0,13990.0,950.0,1,1,1
201464,30,2022-07-17 06:40:00,680,1.0,20052.0,1365.0,13990.0,850.0,1,1,1
201466,30,2022-07-17 06:40:00,681,1.0,20058.0,1365.0,13990.0,870.0,1,1,1
201468,30,2022-07-17 06:40:00,13265,1.0,20069.0,1365.0,13990.0,870.0,1,1,1
201470,30,2022-07-17 06:40:00,681,1.0,20078.0,1365.0,13990.0,890.0,1,1,1
201472,30,2022-07-17 06:40:00,681,1.0,20085.0,1364.0,13990.0,910.0,1,1,1
201474,30,2022-07-17 06:40:00,681,1.0,20089.0,1364.0,13990.0,930.0,1,1,1
201476,30,2022-07-17 06:40:00,681,1.0,20092.0,1364.0,13990.0,930.0,1,1,1
201478,30,2022-07-17 06:40:00,682,1.0,20102.0,1364.0,13990.0,930.0,1,1,1
201481,30,2022-07-17 06:40:00,13266,1.0,20108.0,1364.0,13990.0,950.0,1,1,1
201483,30,2022-07-17 06:40:00,682,1.0,20111.0,1364.0,13990.0,950.0,1,1,1
201484,30,2022-07-17 06:40:00,13099,1.0,,,,,0,0,0
201486,30,2022-07-17 06:40:00,681,1.0,20115.0,1364.0,13990.0,950.0,1,1,1
201530,30,2022-07-17 06:40:00,682,1.0,20131.0,1364.0,13990.0,990.0,1,1,1
201490,30,2022-07-17 06:40:00,681,1.0,20119.0,1364.0,13990.0,950.0,1,1,1
201533,30,2022-07-17 06:40:00,681,1.0,20132.0,1364.0,13990.0,990.0,1,1,1
201567,30,2022-07-17 06:40:00,902,0.0,13.0,0.0,0.0,760.0,0,0,0
201569,30,2022-07-17 06:40:00,843,0.0,13.0,0.0,0.0,690.0,0,0,0
201571,30,2022-07-17 06:40:00,843,0.0,13.0,0.0,0.0,630.0,0,0,0
201573,30,2022-07-17 06:40:00,843,0.0,13.0,0.0,0.0,550.0,0,0,0
201577,30,2022-07-17 06:40:00,859,0.0,13.0,0.0,0.0,410.0,0,0,0
201579,30,2022-07-17 06:40:00,842,0.0,13.0,0.0,0.0,350.0,0,0,0
201581,30,2022-07-17 06:40:00,841,0.0,13.0,0.0,0.0,300.0,0,0,0
201583,30,2022-07-17 06:40:00,841,0.0,13.0,0.0,0.0,250.0,0,0,0
201585,30,2022-07-17 06:40:00,842,0.0,13.0,0.0,0.0,190.0,0,0,0
201587,30,2022-07-17 06:40:00,867,0.0,13.0,0.0,0.0,140.0,0,0,0
201565,30,2022-07-17 06:40:00,842,0.0,13.0,0.0,0.0,830.0,0,0,0
201575,30,2022-07-17 06:40:00,845,0.0,13.0,0.0,0.0,470.0,0,0,0
201546,30,2022-07-17 06:40:00,681,1.0,20153.0,1366.0,13990.0,970.0,1,1,1
201535,30,2022-07-17 06:40:00,682,1.0,20132.0,1364.0,13990.0,990.0,1,1,1
201540,30,2022-07-17 06:40:00,681,1.0,20133.0,1364.0,13990.0,990.0,1,1,1
201563,30,2022-07-17 06:40:00,842,0.0,13.0,0.0,0.0,870.0,0,0,0
201542,30,2022-07-17 06:40:00,681,1.0,20278.0,1371.0,13990.0,980.0,1,1,1
201544,30,2022-07-17 06:40:00,681,1.0,20178.0,1367.0,13990.0,980.0,1,1,1
201548,30,2022-07-17 06:40:00,682,1.0,20151.0,1366.0,13990.0,970.0,1,1,1
201550,30,2022-07-17 06:40:00,682,1.0,20149.0,1366.0,13990.0,980.0,1,1,1
201554,30,2022-07-17 06:40:00,682,1.0,20292.0,1372.0,13990.0,960.0,1,1,1
201556,30,2022-07-17 06:40:00,681,1.0,20184.0,1368.0,13990.0,960.0,1,1,1
201559,30,2022-07-17 06:40:00,681,1.0,20154.0,1366.0,13990.0,960.0,1,1,1
201561,30,2022-07-17 06:40:00,843,0.0,13.0,0.0,0.0,910.0,0,0,0
201552,30,2022-07-17 06:40:00,861,0.0,13.0,0.0,0.0,940.0,0,0,0
202007,30,2022-07-17 09:26:40,683,1.0,19992.0,1366.0,13990.0,710.0,1,1,1
202004,30,2022-07-17 09:26:40,680,1.0,19962.0,1366.0,13990.0,630.0,1,1,1
202024,30,2022-07-17 09:26:40,682,1.0,20085.0,1364.0,13990.0,910.0,1,1,1
