date,count
2022-05-05 05:53:20,143
2022-05-06 06:53:20,138
2022-05-11 09:06:40,134
2022-07-13 19:20:00,133
2022-05-16 14:06:40,132
2022-05-08 06:06:40,132
2022-07-16 00:06:40,131
2022-07-16 14:00:00,131
2022-05-15 10:20:00,131
2022-05-20 07:00:00,131
2022-05-11 14:40:00,130
2022-06-04 19:13:20,130
2022-05-21 19:06:40,130
2022-05-14 01:00:00,130
2022-05-15 13:06:40,129
2022-07-08 19:53:20,129
2022-07-19 19:46:40,129
2022-06-08 17:40:00,129
2022-05-23 01:40:00,129
2022-06-04 08:06:40,128
2022-05-30 00:20:00,128
2022-05-18 21:40:00,128
2022-05-15 21:26:40,128
2022-07-18 10:26:40,128
2022-06-08 20:26:40,128
2022-07-16 16:46:40,128
2022-07-13 13:46:40,128
2022-05-12 04:33:20,127
2022-05-30 11:26:40,127
2022-05-08 20:00:00,127
2022-06-06 18:26:40,127
2022-05-29 10:26:40,127
2022-07-18 16:00:00,127
2022-05-21 21:53:20,127
2022-05-31 18:00:00,127
2022-05-23 21:06:40,126
2022-05-29 13:13:20,126
2022-05-16 11:20:00,126
2022-06-09 07:33:20,126
2022-07-19 03:06:40,125
2022-06-13 11:33:20,125
2022-06-07 00:00:00,125
2022-06-01 19:00:00,125
2022-07-19 05:53:20,125
2022-05-12 12:53:20,125
2022-06-04 22:00:00,125
2022-07-12 15:33:20,125
2022-05-27 22:20:00,125
2022-07-01 21:13:20,125
2022-05-14 17:40:00,125
2022-05-21 08:00:00,125
2022-05-21 10:46:40,125
2022-05-16 05:46:40,124
2022-07-17 03:53:20,124
2022-05-20 01:26:40,124
2022-05-12 21:13:20,124
2022-07-16 19:33:20,124
2022-07-08 22:40:00,124
2022-06-06 07:20:00,124
2022-06-02 14:26:40,124
2022-05-13 11:06:40,124
2022-07-11 03:26:40,124
2022-05-25 14:46:40,124
2022-05-18 10:33:20,124
2022-05-08 08:53:20,123
2022-05-31 09:40:00,123
2022-06-08 03:46:40,123
2022-05-07 19:00:00,123
2022-07-14 20:20:00,123
2022-05-11 20:13:20,123
2022-06-01 10:40:00,123
2022-05-30 19:46:40,123
2022-05-21 13:33:20,123
2022-05-26 21:20:00,123
2022-07-04 10:20:00,123
2022-05-22 17:20:00,123
2022-07-09 01:26:40,123
2022-07-07 18:53:20,123
2022-07-18 02:06:40,123
2022-07-04 07:33:20,123
2022-05-26 10:13:20,123
2022-07-13 16:33:20,123
2022-05-25 17:33:20,123
2022-05-25 00:53:20,122
2022-05-19 00:26:40,122
2022-05-13 02:46:40,122
2022-07-15 15:46:40,122
2022-06-03 21:00:00,122
2022-05-19 17:06:40,122
2022-05-11 11:53:20,122
2022-07-19 00:20:00,122
2022-06-03 15:26:40,122
2022-05-05 14:13:20,122
2022-05-06 12:26:40,122
2022-06-23 21:33:20,122
2022-05-27 08:26:40,122
2022-05-16 03:00:00,122
2022-06-12 21:40:00,122
2022-06-01 05:06:40,122
2022-07-03 09:20:00,122
2022-06-13 03:13:20,122
2022-06-24 00:20:00,122
2022-06-04 10:53:20,122
2022-06-28 12:40:00,122
2022-05-25 03:40:00,122
2022-05-31 15:13:20,121
2022-05-24 02:40:00,121
2022-05-27 00:06:40,121
2022-05-29 18:46:40,121
2022-05-22 00:40:00,121
2022-05-29 02:06:40,121
2022-07-13 05:26:40,121
2022-07-17 20:33:20,121
2022-07-12 23:53:20,121
2022-07-09 20:53:20,121
2022-05-05 22:33:20,121
2022-05-04 21:33:20,121
2022-05-16 00:13:20,120
2022-05-22 11:46:40,120
2022-07-11 09:00:00,120
2022-05-15 07:33:20,120
2022-05-20 20:53:20,120
2022-06-09 21:26:40,120
2022-05-18 05:00:00,120
2022-06-24 05:53:20,120
2022-05-06 23:33:20,120
2022-07-11 06:13:20,120
2022-07-17 06:40:00,120
2022-05-19 08:46:40,120
2022-05-19 11:33:20,120
2022-07-05 08:33:20,120
2022-05-23 10:00:00,120
2022-05-14 23:13:20,120
2022-05-23 04:26:40,120
2022-07-12 21:06:40,120
2022-06-08 14:53:20,120
2022-06-02 00:33:20,120
2022-07-13 02:40:00,120
2022-06-07 08:20:00,120
2022-05-09 01:33:20,120
2022-05-08 03:20:00,120
2022-07-14 23:06:40,120
2022-05-31 12:26:40,120
2022-05-26 04:40:00,119
2022-05-25 12:00:00,119
2022-05-28 15:00:00,119
2022-05-17 17:53:20,119
2022-07-16 02:53:20,119
2022-06-04 05:20:00,119
2022-07-10 05:13:20,119
2022-05-24 13:46:40,119
2022-06-28 07:06:40,119
2022-07-15 01:53:20,119
2022-05-17 12:20:00,119
2022-05-13 13:53:20,119
2022-05-04 16:00:00,119
2022-07-14 03:40:00,119
2022-05-31 20:46:40,119
2022-05-08 22:46:40,119
2022-05-05 11:26:40,119
2022-05-12 10:06:40,119
2022-05-06 20:46:40,119
2022-07-18 13:13:20,119
2022-07-16 22:20:00,119
2022-05-21 05:13:20,118
2022-07-17 12:13:20,118
2022-05-07 05:06:40,118
2022-05-24 22:06:40,118
2022-07-02 00:00:00,118
2022-05-18 07:46:40,118
2022-05-22 14:33:20,118
2022-05-05 17:00:00,118
2022-05-08 11:40:00,118
2022-06-10 03:00:00,118
2022-06-07 22:13:20,118
2022-06-09 18:40:00,118
2022-06-09 13:06:40,118
2022-05-29 07:40:00,118
2022-07-14 06:26:40,118
2022-06-01 07:53:20,117
2022-05-24 08:13:20,117
2022-07-03 17:40:00,117
2022-06-20 10:13:20,117
2022-06-15 13:33:20,117
2022-05-27 14:00:00,117
2022-05-28 01:06:40,117
2022-05-29 04:53:20,117
2022-06-02 22:46:40,117
2022-06-02 11:40:00,117
2022-06-02 08:53:20,117
2022-06-03 01:33:20,117
2022-06-03 18:13:20,117
2022-07-15 10:13:20,117
2022-05-06 09:40:00,117
2022-07-14 17:33:20,117
2022-05-05 19:46:40,117
2022-05-19 14:20:00,117
2022-05-14 14:53:20,117
2022-05-14 09:20:00,116
2022-05-14 03:46:40,116
2022-05-26 01:53:20,116
2022-06-28 21:00:00,116
2022-05-30 14:13:20,116
2022-06-11 06:46:40,116
2022-05-14 20:26:40,116
2022-06-01 21:46:40,116
2022-05-28 03:53:20,116
2022-07-03 03:46:40,116
2022-05-13 16:40:00,116
2022-05-30 22:33:20,116
2022-05-27 02:53:20,116
2022-05-22 03:26:40,116
2022-05-20 15:20:00,116
2022-05-20 18:06:40,116
2022-06-07 11:06:40,116
2022-05-08 00:33:20,116
2022-07-12 18:20:00,116
2022-05-23 12:46:40,116
2022-06-05 11:53:20,116
2022-07-13 22:06:40,116
2022-06-08 01:00:00,115
2022-05-28 12:13:20,115
2022-05-28 06:40:00,115
2022-06-08 12:06:40,115
2022-06-24 14:13:20,115
2022-06-19 00:53:20,115
2022-07-16 05:40:00,115
2022-06-22 03:53:20,115
2022-06-07 13:53:20,115
2022-06-04 13:40:00,115
2022-06-11 01:13:20,115
2022-06-01 02:20:00,115
2022-07-17 17:46:40,115
2022-07-03 06:33:20,115
2022-06-10 11:20:00,115
2022-06-12 07:46:40,115
2022-07-02 02:46:40,115
2022-07-15 13:00:00,115
2022-05-12 07:20:00,115
2022-07-17 09:26:40,115
2022-05-18 02:13:20,115
2022-05-05 08:40:00,115
2022-05-23 07:13:20,115
2022-05-26 18:33:20,115
2022-07-10 13:33:20,115
2022-05-05 03:06:40,115
2022-05-17 09:33:20,115
2022-07-08 17:06:40,114
2022-05-19 19:53:20,114
2022-05-11 17:26:40,114
2022-05-18 16:06:40,114
2022-05-18 18:53:20,114
2022-05-27 11:13:20,114
2022-07-15 07:26:40,114
2022-05-24 05:26:40,114
2022-06-10 00:13:20,114
2022-06-05 03:33:20,114
2022-06-09 04:46:40,114
2022-06-05 17:26:40,114
2022-06-06 01:46:40,114
2022-06-06 04:33:20,114
2022-05-08 17:13:20,114
2022-06-22 06:40:00,114
2022-06-27 20:00:00,114
2022-06-06 21:13:20,114
2022-07-19 14:13:20,114
2022-06-09 10:20:00,114
2022-05-31 01:20:00,114
2022-06-02 17:13:20,114
2022-06-24 03:06:40,114
2022-06-17 04:26:40,114
2022-07-17 23:20:00,114
2022-05-30 08:40:00,113
2022-06-28 09:53:20,113
2022-06-12 13:20:00,113
2022-05-14 06:33:20,113
2022-05-19 22:40:00,113
2022-07-06 12:20:00,113
2022-05-07 13:26:40,113
2022-07-05 22:26:40,113
2022-07-02 05:33:20,113
2022-06-24 19:46:40,113
2022-07-18 18:46:40,113
2022-05-24 11:00:00,113
2022-05-28 17:46:40,113
2022-07-06 06:46:40,112
2022-06-18 11:00:00,112
2022-06-22 01:06:40,112
2022-06-28 23:46:40,112
2022-07-15 21:20:00,112
2022-06-11 15:06:40,112
2022-05-23 18:20:00,112
2022-06-06 10:06:40,112
2022-06-11 20:40:00,112
2022-05-28 09:26:40,112
2022-06-06 15:40:00,112
2022-07-08 03:13:20,112
2022-06-18 08:13:20,112
2022-07-14 00:53:20,112
2022-07-08 08:46:40,112
2022-06-13 14:20:00,112
2022-05-04 18:46:40,112
2022-07-18 07:40:00,112
2022-07-19 17:00:00,112
2022-07-16 08:26:40,112
2022-05-30 17:00:00,112
2022-07-10 19:06:40,112
2022-05-04 13:13:20,112
2022-06-01 16:13:20,112
2022-07-14 09:13:20,112
2022-05-13 19:26:40,112
2022-07-14 12:00:00,112
2022-07-05 16:53:20,112
2022-05-12 18:26:40,112
2022-05-29 21:33:20,112
2022-05-05 00:20:00,112
2022-05-13 00:00:00,112
2022-05-24 19:20:00,112
2022-05-26 07:26:40,112
2022-06-03 04:20:00,112
2022-05-07 10:40:00,111
2022-07-12 12:46:40,111
2022-05-07 16:13:20,111
2022-06-25 18:00:00,111
2022-06-27 17:13:20,111
2022-05-15 15:53:20,111
2022-06-08 06:33:20,111
2022-05-17 20:40:00,111
2022-05-20 04:13:20,111
2022-05-25 20:20:00,111
2022-06-16 14:33:20,111
2022-05-07 21:46:40,111
2022-05-18 13:20:00,111
2022-06-21 16:46:40,111
2022-06-05 14:40:00,111
2022-05-17 15:06:40,111
2022-07-15 18:33:20,111
2022-07-01 07:20:00,111
2022-05-26 15:46:40,111
2022-07-05 03:00:00,111
2022-06-05 20:13:20,111
2022-06-15 21:53:20,111
2022-05-30 03:06:40,111
2022-06-05 09:06:40,111
2022-07-16 11:13:20,111
2022-05-23 23:53:20,111
2022-06-20 04:40:00,110
2022-06-11 04:00:00,110
2022-06-10 16:53:20,110
2022-06-20 07:26:40,110
2022-06-17 10:00:00,110
2022-06-07 05:33:20,110
2022-07-04 13:06:40,110
2022-05-25 06:26:40,110
2022-07-07 21:40:00,110
2022-07-09 07:00:00,110
2022-06-25 04:06:40,110
2022-07-07 02:13:20,110
2022-07-09 12:33:20,110
2022-05-31 06:53:20,110
2022-05-25 09:13:20,110
2022-07-05 05:46:40,110
2022-05-27 16:46:40,110
2022-06-03 07:06:40,110
2022-06-30 23:00:00,110
2022-05-19 03:13:20,110
2022-06-05 00:46:40,110
2022-06-05 06:20:00,110
2022-06-26 07:53:20,110
2022-05-20 12:33:20,110
2022-06-12 05:00:00,109
2022-06-16 20:06:40,109
2022-07-09 09:46:40,109
2022-05-20 09:46:40,109
2022-07-11 22:53:20,109
2022-07-07 10:33:20,109
2022-06-15 10:46:40,109
2022-06-17 23:53:20,109
2022-05-28 23:20:00,109
2022-05-11 23:00:00,109
2022-07-03 23:13:20,109
2022-06-04 16:26:40,109
2022-06-27 22:46:40,109
2022-06-23 18:46:40,109
2022-07-08 06:00:00,108
2022-06-19 20:20:00,108
2022-07-06 04:00:00,108
2022-07-05 11:20:00,108
2022-07-18 21:33:20,108
2022-06-16 17:20:00,108
2022-07-11 20:06:40,108
2022-06-25 09:40:00,108
2022-06-24 11:26:40,108
2022-06-16 00:40:00,108
2022-06-14 09:46:40,108
2022-06-07 16:40:00,108
2022-05-13 22:13:20,108
2022-07-13 08:13:20,108
2022-06-03 12:40:00,108
2022-07-15 04:40:00,108
2022-06-05 23:00:00,108
2022-06-10 08:33:20,108
2022-05-27 19:33:20,108
2022-07-09 15:20:00,107
2022-06-12 10:33:20,107
2022-05-26 13:00:00,107
2022-06-23 16:00:00,107
2022-07-02 11:06:40,107
2022-07-02 19:26:40,107
2022-07-12 07:13:20,107
2022-06-17 21:06:40,107
2022-05-17 06:46:40,107
2022-07-11 17:20:00,107
2022-05-07 02:20:00,107
2022-05-28 20:33:20,107
2022-05-19 06:00:00,106
2022-06-07 19:26:40,106
2022-05-16 08:33:20,106
2022-07-04 15:53:20,106
2022-05-22 09:00:00,106
2022-07-13 11:00:00,106
2022-05-21 02:26:40,106
2022-05-31 23:33:20,106
2022-06-09 15:53:20,106
2022-06-17 07:13:20,106
2022-07-03 20:26:40,106
2022-06-13 00:26:40,106
2022-06-11 17:53:20,106
2022-06-11 23:26:40,106
2022-05-12 15:40:00,106
2022-06-08 09:20:00,106
2022-07-12 10:00:00,106
2022-06-18 22:06:40,106
2022-07-18 04:53:20,105
2022-05-22 20:06:40,105
2022-06-01 13:26:40,105
2022-06-09 02:00:00,105
2022-06-26 13:26:40,105
2022-07-07 05:00:00,105
2022-06-28 04:20:00,105
2022-06-26 10:40:00,105
2022-06-17 18:20:00,105
2022-07-09 23:40:00,105
2022-06-10 14:06:40,105
2022-07-17 15:00:00,105
2022-06-19 06:26:40,105
2022-06-04 02:33:20,105
2022-06-25 01:20:00,104
2022-07-10 02:26:40,104
2022-06-02 20:00:00,104
2022-06-12 18:53:20,104
2022-07-17 01:06:40,104
2022-06-18 02:40:00,104
2022-06-16 11:46:40,104
2022-06-26 21:46:40,104
2022-06-26 16:13:20,104
2022-05-15 18:40:00,104
2022-05-25 23:06:40,104
2022-06-30 20:13:20,104
2022-06-11 12:20:00,104
2022-06-19 03:40:00,104
2022-06-03 23:46:40,104
2022-05-20 23:40:00,104
2022-07-01 18:26:40,104
2022-06-22 12:13:20,104
2022-06-18 13:46:40,104
2022-07-01 12:53:20,104
2022-05-06 01:20:00,104
2022-06-10 05:46:40,104
2022-05-13 08:20:00,103
2022-05-12 01:46:40,103
2022-07-07 16:06:40,103
2022-07-04 18:40:00,103
2022-06-27 14:26:40,103
2022-05-13 05:33:20,103
2022-05-31 04:06:40,103
2022-05-07 07:53:20,103
2022-05-24 16:33:20,103
2022-06-25 15:13:20,103
2022-06-16 06:13:20,103
2022-05-15 04:46:40,103
2022-06-08 23:13:20,103
2022-07-05 00:13:20,102
2022-07-07 13:20:00,102
2022-07-05 19:40:00,102
2022-05-06 15:13:20,102
2022-06-17 01:40:00,102
2022-07-14 14:46:40,102
2022-06-25 06:53:20,102
2022-06-19 14:46:40,102
2022-06-25 23:33:20,102
2022-05-09 04:20:00,102
2022-05-27 05:40:00,101
2022-07-01 15:40:00,101
2022-06-26 02:20:00,101
2022-07-02 13:53:20,101
2022-06-19 12:00:00,101
2022-06-21 19:33:20,101
2022-07-06 09:33:20,101
2022-06-23 13:13:20,101
2022-07-04 02:00:00,101
2022-05-29 16:00:00,101
2022-06-28 01:33:20,101
2022-05-14 12:06:40,101
2022-06-24 22:33:20,101
2022-06-16 03:26:40,101
2022-07-10 10:46:40,101
2022-07-08 00:26:40,101
2022-06-13 06:00:00,100
2022-06-12 16:06:40,100
2022-06-03 09:53:20,100
2022-07-03 01:00:00,100
2022-07-09 18:06:40,100
2022-07-02 16:40:00,100
2022-06-18 19:20:00,100
2022-05-15 02:00:00,100
2022-06-25 20:46:40,100
2022-06-27 03:20:00,100
2022-06-27 08:53:20,100
2022-07-06 01:13:20,100
2022-05-22 06:13:20,100
2022-06-21 14:00:00,100
2022-06-28 18:13:20,100
2022-06-19 09:13:20,99
2022-06-16 09:00:00,99
2022-06-02 06:06:40,99
2022-06-07 02:46:40,99
2022-05-06 18:00:00,99
2022-06-19 23:06:40,99
2022-05-06 04:06:40,99
2022-06-19 17:33:20,99
2022-07-05 14:06:40,99
2022-07-03 12:06:40,99
2022-06-10 19:40:00,99
2022-06-18 05:26:40,99
2022-07-01 10:06:40,99
2022-06-11 09:33:20,99
2022-07-10 16:20:00,98
2022-05-17 23:26:40,98
2022-07-11 11:46:40,98
2022-06-27 00:33:20,98
2022-05-21 16:20:00,97
2022-06-15 19:06:40,97
2022-06-12 02:13:20,97
2022-07-01 04:33:20,97
2022-07-01 01:46:40,97
2022-06-21 22:20:00,97
2022-06-24 17:00:00,97
2022-07-06 15:06:40,97
2022-06-06 12:53:20,96
2022-06-13 08:46:40,96
2022-06-17 12:46:40,96
2022-06-20 01:53:20,96
2022-06-10 22:26:40,96
2022-05-08 14:26:40,96
2022-06-02 03:20:00,96
2022-05-23 15:33:20,96
2022-07-09 04:13:20,95
2022-07-12 04:26:40,95
2022-06-27 11:40:00,95
2022-07-02 22:13:20,95
2022-06-17 15:33:20,95
2022-07-02 08:20:00,95
2022-05-30 05:53:20,95
2022-07-08 11:33:20,95
2022-07-07 07:46:40,95
2022-07-04 04:46:40,94
2022-06-16 22:53:20,94
2022-07-12 01:40:00,94
2022-06-15 16:20:00,94
2022-07-10 21:53:20,94
2022-07-10 08:00:00,94
2022-06-24 08:40:00,93
2022-05-22 22:53:20,93
2022-07-11 00:40:00,93
2022-06-28 15:26:40,93
2022-07-03 14:53:20,92
2022-07-11 14:33:20,91
2022-07-08 14:20:00,91
2022-06-22 09:26:40,91
2022-07-04 21:26:40,91
2022-06-18 16:33:20,90
2022-07-19 22:33:20,90
2022-06-26 05:06:40,89
2022-06-25 12:26:40,88
2022-06-22 15:00:00,87
2022-06-26 19:00:00,85
2022-05-09 07:06:40,85
2022-07-19 11:26:40,79
2022-06-27 06:06:40,70
2022-04-29 13:46:40,66
2022-06-30 17:26:40,65
2022-05-04 10:26:40,65
2022-05-09 09:53:20,61
2022-06-29 02:33:20,61
2022-04-28 15:33:20,60
2022-05-02 08:26:40,56
2022-06-15 08:00:00,53
2022-04-29 08:13:20,53
2022-06-14 07:00:00,53
2022-06-21 11:13:20,53
2022-05-01 18:33:20,51
2022-05-10 08:06:40,50
2022-07-19 08:40:00,49
2022-05-01 21:20:00,49
2022-05-02 02:53:20,48
2022-04-27 22:53:20,48
2022-05-02 00:06:40,48
2022-06-20 13:00:00,45
2022-07-21 07:53:20,44
2022-05-01 13:00:00,44
2022-06-13 17:06:40,42
2022-07-06 23:26:40,41
2022-04-30 09:13:20,41
2022-04-27 17:20:00,40
2022-05-11 06:20:00,40
2022-06-14 12:33:20,39
2022-05-02 05:40:00,37
2022-04-28 21:06:40,37
2022-04-29 19:20:00,37
2022-04-30 23:06:40,37
2022-04-28 07:13:20,36
2022-04-29 02:40:00,36
2022-05-01 04:40:00,36
2022-04-30 00:53:20,35
2022-04-29 05:26:40,35
2022-04-28 04:26:40,35
2022-04-27 14:33:20,34
2022-04-28 12:46:40,33
2022-04-30 03:40:00,33
2022-05-16 16:53:20,32
2022-04-27 20:06:40,31
2022-04-29 16:33:20,31
2022-05-01 15:46:40,31
2022-04-30 12:00:00,29
2022-05-01 10:13:20,29
2022-04-27 09:00:00,29
2022-04-28 10:00:00,29
2022-04-30 17:33:20,29
2022-04-27 11:46:40,29
2022-04-29 22:06:40,29
2022-04-30 06:26:40,28
2022-04-28 18:20:00,28
2022-04-30 20:20:00,28
2022-05-01 07:26:40,28
2022-05-01 01:53:20,27
2022-04-29 11:00:00,27
2022-04-28 01:40:00,26
2022-04-28 23:53:20,26
2022-04-30 14:46:40,25
2022-05-02 11:13:20,21
2022-07-06 17:53:20,20
2022-05-10 10:53:20,13
2022-05-10 05:20:00,13
2022-05-10 19:13:20,12
2022-05-11 03:33:20,12
2022-05-09 23:46:40,12
2022-05-17 04:00:00,12
2022-05-10 22:00:00,12
2022-05-10 13:40:00,11
2022-05-10 16:26:40,11
2022-05-09 15:26:40,11
2022-05-09 18:13:20,11
2022-05-09 21:00:00,11
2022-05-11 00:46:40,10
2022-05-09 12:40:00,9
2022-05-10 02:33:20,8
2022-06-23 10:26:40,3
